AT5G22290	88	space1	Immune	AT1G33560	Immune	AT4G11320	Immune	AT3G11820	AI1	AT5G19875	AI1	AT5G16150	AI1	AT4G18205	AI1	AT4G17486	AI1	AT1G74520	Immune	HOPD1_group	Immune	AT5G43740	AI1	AT5G61340	AI1	AT5G51010	AI1	AT5G43460	AI1	AT5G39510	AI1	AT5G24130	AI1	AT5G47200	AI1	AT3G28080	AI1	AT2G36900	AI1	AT1G77380	AI1	AT4G35100	AI1	AT4G32750	AI1	AT4G32140	AI1	AT4G30490	AI1	AT4G28720	AI1	AT4G28040	AI1	AT2G24290	AI1	AT4G14730	AI1	AT4G03410	AI1	AT3G55600	AI1	AT3G17440	AI1	AT1G44800	AI1	AT1G25275	AI1	AT1G12240	AI1	AT4G14950	AI1	AT4G14455	AI1	AT4G10430	AI1	AT4G01430	AI1	AT3G60590	AI1	AT3G29034	AI1	AT3G25585	AI1	AT2G47770	AI1	AT1G18720	AI1	AT3G54820	AI1	AT3G54020	AI1	AT3G50920	AI1	AT3G46060	AI1	AT3G43520	AI1	AT3G25220	AI1	AT3G22570	AI1	AT3G20510	AI1	AT3G18280	AI1	AT2G02990	AI1	AT3G13520	AI1	AT3G01660	AI1	AT2G45070	AI1	AT2G44080	AI1	AT2G43510	AI1	AT2G39960	AI1	AT2G16850	AI1	AT2G33390	AI1	AT2G33120	AI1	AT2G31490	AI1	AT1G27700	AI1	AT1G16790	Immune_AI1	AT1G55190	AI1	AT2G30390	AI1	AT2G03120	AI1	AT2G01175	AI1	AT1G79040	AI1	AT1G75630	AI1	AT1G73190	AI1	AT1G63120	AI1	AT1G62880	AI1	AT1G56330	AI1	AT1G50430	AI1	AT1G48140	AI1	AT1G33800	AI1	AT1G21790	AI1	AT1G14360	AI1	AT1G12390	AI1	AT1G10030	AI1	AT1G04340	AI1	AT1G27300	AI1	AT1G01230	AI1	AT1G15080	AI1	AT3G60600	AI1	AT2G45660	AI1	AT1G47260
AT1G22920	82	space1	AI1	AT1G22840	AI1	AT1G04330	Immune_AI1	AT5G45490	Immune_AI1	AT2G22670	Immune	HopO1-2_Pto DC3000	Immune	HOPF_group	Immune	HopBF1_Pla 107	Immune	HopAT1_Pph 1448A	Immune	HOPAR1_group	Immune	HOPAO1_group	Immune	HARXLL516_WACO9	Immune	HARXLL500	Immune	HARXLL108	Immune	HARXL69	Immune	HARXL68	Immune	HARXL62	Immune	HARXL10_WACO9	Immune	AVRRPM1_group	Immune	avrPto_group	Immune	AvrPto5_Pma M4a	Immune	avrC_group	Immune	ATR1_group	Immune	ATR13_group	Immune	AT5G67200	Immune	AT5G62230	Immune	AT5G61480	Immune	AT5G49780	Immune	AT5G45780	Immune	AT5G37450	Immune	AT5G25930	Immune	AT5G20480	Immune	AT5G16000	Immune	AT5G05400	Immune	AT4G28650	Immune	AT4G20270	Immune	AT3G56370	Immune	AT3G20600	Immune	AT2G01820	Immune	AT1G51860	Immune	HARXL16	Immune	avrB_group	Immune	HopP1_Pto DC3000	Immune	AT5G10020	Immune	HARXLL445_group	Immune	AT5G06820	Immune	AT5G01890	Immune	AT4G29450	Immune	AT4G26540	Immune	AT3G53970	Immune	AT3G46710	Immune	AT3G20190	Immune	AT2G35620	Immune	AT2G28970	Immune	AT1G69990	Immune	AT1G51660	AI1	AT5G47370	AI1	AT4G15700	AI1	AT3G60820	AI1	AT4G02080	AI1	AT5G67530	AI1	AT3G45210	AI1	AT3G16250	AI1	AT5G28770	AI1	AT4G00780	AI1	AT3G55240	AI1	AT3G20420	AI1	AT2G41730	AI1	AT3G25882	AI1	AT3G23280	AI1	AT4G16780	AI1	AT5G37055	AI1	AT5G13810	AI1	AT3G53410	AI1	AT3G17668	AI1	AT2G26800	AI1	AT1G67800	AI1	AT1G52250	AI1	AT1G29640	AI1	AT1G26740	AI1	AT1G24625	AI1	AT1G23390	AI1	AT1G02450
AT3G47620	73	space1	Immune_AI1	AT1G31540	Immune	AT1G62630	Immune	AT3G28040	Immune	AT1G61310	Immune	AT1G75690	Immune	AT1G52200	Immune	AT1G06460	AI1	AT3G20420	AI1	AT3G16250	AI1	AT2G30530	AI1	AT2G44090	AI1	AT2G39250	AI1	AT2G02300	Immune	HARXLL73	Immune	HARXLL513	Immune	HARXLL510	Immune	HARXLL441	Immune	HARXLCRN4	Immune	HARXL67	Immune	HARXL57	Immune	HARXL47_group	Immune	HARXL42	Immune	HARXL40_group	Immune	HARXL39	Immune	HARXL22	Immune	HARXL18	Immune	HARXL108	Immune	HARXLL512	Immune	HARXLL464	Immune	HARXLL429	Immune	HARXL45_group	Immune	HARXLCRN15	Immune	HopBB1_Pmo M301020	Immune	HARXLL455	Immune	HopBF1_Pla 107	Immune	HARXL69	Immune	avrPto_group	Immune	AvrPto5_Pma M4a	Immune	ATR1_group	Immune	HARXL21	Immune	HARXLL470_WACO9	Immune	HARXL106_group	Immune	AT4G23470	Immune	AT4G04020	AI1	AT5G38420	AI1	AT4G34740	AI1	AT3G61920	AI1	AT3G51180	AI1	AT5G66720	AI1	AT5G63370	AI1	AT4G02770	AI1	AT5G19960	AI1	AT5G60120	AI1	AT5G51910	AI1	AT5G11980	AI1	AT5G08330	AI1	AT4G17680	AI1	AT4G15545	AI1	AT4G01920	AI1	AT3G10970	AI1	AT2G41730	AI1	AT3G06430	AI1	AT2G35500	AI1	AT1G79430	AI1	AT3G02150	AI1	AT3G01180	AI1	AT2G24550	AI1	AT1G69810	AI1	AT2G33390	AI1	AT2G24860	AI1	AT1G76760	AI1	AT1G04330	AI1	AT1G18660
AT4G19030	72	space1	Immune_AI1	AT3G11820	Immune	AT3G03800	AI1	AT4G14730	AI1	AT4G14160	AI1	AT4G03410	AI1	AT3G55600	AI1	AT3G17440	AI1	AT1G70660	AI1	AT1G44800	AI1	AT1G25275	AI1	AT1G12240	Immune_AI1	AT5G08080	Immune	HOPD1_group	Immune	HARXLL495	Immune	HARXLL493	AI1	AT5G61340	AI1	AT5G53560	AI1	AT5G51010	AI1	AT5G43460	AI1	AT5G19875	AI1	AT5G19750	AI1	AT5G16150	AI1	AT5G05760	AI1	AT4G35100	AI1	AT4G34190	AI1	AT4G32140	AI1	AT4G28720	AI1	AT4G28040	AI1	AT4G14950	AI1	AT4G14455	AI1	AT4G10430	AI1	AT4G01430	AI1	AT3G29034	AI1	AT3G25585	AI1	AT2G47770	AI1	AT1G48240	AI1	AT3G54020	AI1	AT3G51450	AI1	AT3G50920	AI1	AT3G46060	AI1	AT3G42725	AI1	AT3G25220	AI1	AT3G22570	AI1	AT2G02990	AI1	AT2G40765	AI1	AT3G13520	AI1	AT3G02690	AI1	AT2G44080	AI1	AT2G39960	AI1	AT2G37180	AI1	AT2G16850	AI1	AT2G33120	AI1	AT2G31490	AI1	AT1G27700	AI1	AT1G16790	AI1	AT2G30390	AI1	AT2G03120	AI1	AT1G79040	AI1	AT1G75630	AI1	AT1G73190	AI1	AT1G63120	AI1	AT1G62880	AI1	AT1G50430	AI1	AT1G48140	AI1	AT1G33800	AI1	AT1G14360	AI1	AT1G12390	AI1	AT1G10030	AI1	AT1G04340	AI1	AT1G01230	AI1	AT1G15080	AI1	AT3G60600
AT1G27300	66	space1	AI1	AT1G21790	AI1	AT1G14360	AI1	AT1G12390	AI1	AT1G10030	AI1	AT1G04340	Immune_AI1	AT5G08080	Immune	HARXLL495	Immune	HARXLL493	Immune	HARXLL492	Immune	AT4G16860	Immune	AT3G03800	AI1	AT5G61340	AI1	AT5G53560	AI1	AT5G51010	AI1	AT5G43460	AI1	AT5G39510	AI1	AT5G19875	AI1	AT5G19750	AI1	AT5G16150	AI1	AT4G17486	AI1	AT2G40765	AI1	AT5G22290	AI1	AT5G05760	AI1	AT4G35580	AI1	AT4G35100	AI1	AT4G32140	AI1	AT4G28720	AI1	AT4G28040	AI1	AT4G14950	AI1	AT4G14455	AI1	AT4G10430	AI1	AT4G01430	AI1	AT3G54820	AI1	AT3G54020	AI1	AT3G51450	AI1	AT3G50920	AI1	AT3G43520	AI1	AT3G42725	AI1	AT3G25220	AI1	AT3G25190	AI1	AT3G22570	AI1	AT3G18280	AI1	AT3G13520	AI1	AT3G02690	AI1	AT2G45070	AI1	AT2G44080	AI1	AT2G43510	AI1	AT2G39960	AI1	AT2G33120	AI1	AT2G31490	AI1	AT2G31040	AI1	AT2G30390	AI1	AT2G03120	AI1	AT2G01175	AI1	AT1G79040	AI1	AT1G75630	AI1	AT1G73190	AI1	AT1G63120	AI1	AT1G62880	AI1	AT1G50430	AI1	AT1G48140	AI1	AT1G33800	AI1	AT1G27300	AI1	AT1G27300	AI1	AT1G01230	AI1	AT1G15080
AT4G35580	56	space1	Immune	AT4G11320	Immune_AI1	AT3G11820	Immune	AT3G03800	AI1	AT3G28080	AI1	AT2G36900	AI1	AT1G77380	Immune_AI1	AT5G08080	Immune	HOPD1_group	Immune	HARXLL60	Immune	HARXLL495	Immune	HARXLL493	Immune	HARXLL492	AI1	AT5G51010	AI1	AT5G43460	AI1	AT5G24130	AI1	AT4G35100	AI1	AT4G34190	AI1	AT4G32750	AI1	AT1G78100	AI1	AT4G28720	AI1	AT4G28040	AI1	AT2G24290	AI1	AT4G14730	AI1	AT3G55600	AI1	AT3G17440	AI1	AT4G14455	AI1	AT4G10430	AI1	AT4G01430	AI1	AT2G47770	AI1	AT1G48240	AI1	AT3G54820	AI1	AT3G54020	AI1	AT3G50920	AI1	AT3G46060	AI1	AT3G43520	AI1	AT1G52870	AI1	AT3G13520	AI1	AT2G45070	AI1	AT2G44080	AI1	AT2G39960	AI1	AT2G37180	AI1	AT2G16850	AI1	AT2G33120	AI1	AT1G16790	AI1	AT2G30390	AI1	AT2G03120	AI1	AT1G79040	AI1	AT1G63120	AI1	AT1G56330	AI1	AT1G50430	AI1	AT1G14360	AI1	AT1G10030	AI1	AT1G27300	AI1	AT1G01230	AI1	AT1G15080	AI1	AT1G47260
AT3G48150	56	space1	Immune	AT3G28040	Immune	AT1G34420	Immune	AT1G11130	AI1	AT3G45210	AI1	AT3G13310	AI1	AT3G06790	AI1	AT3G01370	AI1	AT2G17880	AI1	AT1G75400	AI1	AT1G24050	AI1	AT1G15570	AI1	AT1G15260	Immune	AT4G36180	Immune	HARXLL60	Immune	HopO1-2_Pto DC3000	Immune	HARXLL516_WACO9	Immune	avrPto_group	Immune	avrC_group	Immune	ATR1_group	Immune	ATR13_group	Immune	avrB_group	Immune	HARXLL445_group	Immune	AT5G45100	Immune	AT5G06820	Immune	AT3G53970	AI1	AT5G48500	AI1	AT5G37550	AI1	AT5G17790	AI1	AT4G34740	AI1	AT4G12450	AI1	AT5G66720	AI1	AT4G02770	AI1	AT5G16560	AI1	AT4G03150	AI1	AT3G54850	AI1	AT3G16250	AI1	AT1G77400	AI1	AT1G71970	AI1	AT3G25710	AI1	AT3G17668	AI1	AT3G15160	AI1	AT3G07440	AI1	AT3G06720	AI1	AT2G45770	AI1	AT2G17670	AI1	AT2G39100	AI1	AT2G26800	AI1	AT1G22630	AI1	AT1G61340	AI1	AT1G54770	AI1	AT1G09660	AI1	AT1G49850	AI1	AT1G32580	AI1	AT1G31050	AI1	AT1G29640	AI1	AT1G18660
AT3G60600	49	space1	Immune	AT3G03800	AI1	AT3G60590	AI1	AT3G29034	AI1	AT3G25585	AI1	AT2G47770	AI1	AT1G48240	AI1	AT1G18720	AI1	AT3G54020	AI1	AT3G50920	AI1	AT3G50910	AI1	AT3G25190	AI1	AT3G20510	AI1	AT2G02990	AI1	AT1G52870	AI1	AT2G44080	AI1	AT2G43510	AI1	AT2G37180	AI1	AT2G16850	AI1	AT2G33120	AI1	AT2G31490	AI1	AT2G03120	AI1	AT1G75630	AI1	AT1G63120	AI1	AT1G62880	AI1	AT1G48140	AI1	AT1G21790	AI1	AT1G14360	AI1	AT1G12390	AI1	AT1G04340	Immune_AI1	AT5G08080	Immune	HARXLL495	Immune	HARXLL493	Immune	HARXLL492	AI1	AT5G61340	AI1	AT5G53560	AI1	AT5G51010	AI1	AT5G43460	AI1	AT5G19875	AI1	AT5G16150	AI1	AT5G22290	AI1	AT5G05760	AI1	AT4G35100	AI1	AT4G32140	AI1	AT4G26450	AI1	AT4G19030	AI1	AT4G14950	AI1	AT3G60600	AI1	AT3G60600	LCI	AT5G16840
AT3G27960	43	space1	AI1	AT2G30920	AI1	AT2G30590	AI1	AT2G30540	AI1	AT2G18730	AI1	AT1G77400	AI1	AT1G71970	Immune	HOPAB_group	Immune	HARXL79	Immune	AT5G66910	Immune	HARXLL60	Immune	HARXL73	Immune	ATR13_group	Immune	AT5G67200	Immune	HARXLL73_group	AI1	AT5G38420	AI1	AT5G37550	AI1	AT5G17790	AI1	AT5G11090	AI1	AT4G34700	AI1	AT3G60200	AI1	AT3G56290	AI1	AT3G51180	AI1	AT5G66720	AI1	AT5G41070	AI1	AT3G45210	AI1	AT5G09320	AI1	AT5G22310	AI1	AT5G16560	AI1	AT4G30490	AI1	AT4G00980	AI1	AT1G04930	AI1	AT3G11590	AI1	AT3G07480	AI1	AT3G05625	AI1	AT3G01180	AI1	AT2G46870	AI1	AT2G45770	AI1	AT2G32840	AI1	AT2G26800	AI1	AT1G54770	AI1	AT1G24625	AI1	AT2G27990	AI1	AT1G70700
AT4G17680	40	space1	Immune	AT1G34420	Immune	AT1G11130	Immune	AT1G06460	AI1	AT4G16780	AI1	AT4G02770	Immune	HOPAB_group	Immune	HOPR1_group	Immune	avrC_group	Immune	ATR1_group	Immune	avrB_group	Immune	AT5G45100	AI1	AT5G65683	AI1	AT5G38420	AI1	AT5G65495	AI1	AT5G61010	AI1	AT5G60120	AI1	AT5G08330	AI1	AT4G32190	AI1	AT4G16143	AI1	AT4G02150	AI1	AT3G12930	AI1	AT3G51180	AI1	AT2G17880	AI1	AT1G15570	AI1	AT3G47620	AI1	AT1G67170	AI1	AT3G17668	AI1	AT3G10970	AI1	AT2G35500	AI1	AT2G38300	AI1	AT2G32840	AI1	AT1G76760	AI1	AT1G61340	AI1	AT1G60670	AI1	AT1G53800	AI1	AT1G49850	AI1	AT1G28360	AI1	AT1G29640	AI1	AT1G22840	AI1	AT2G01760
AT4G39050	36	space1	Immune	AT4G09420	Immune	AT1G11130	AI1	AT3G60200	AI1	AT1G71020	Immune	HOPG1_group	Immune	HARXL79	Immune	HopZ_group	Immune	HARXL73	Immune	HopC1_Pto DC3000	Immune	ATR13_group	AI1	AT5G49210	AI1	AT5G57910	AI1	AT5G63350	AI1	AT5G37550	AI1	AT5G22890	AI1	AT5G11090	AI1	AT5G67530	AI1	AT5G58950	AI1	AT5G16560	AI1	AT5G05190	AI1	AT4G28230	AI1	AT3G60360	AI1	AT2G35240	AI1	AT3G01370	AI1	AT1G15570	AI1	AT1G71970	AI1	AT1G03140	AI1	AT3G01690	AI1	AT2G17670	AI1	AT2G42260	AI1	AT2G39100	AI1	AT2G32840	AI1	AT1G53800	AI1	AT1G49850	AI1	AT1G01140	AI1	AT2G42580
AT4G25660	35	space1	AI1	AT4G02080	AI1	AT3G53180	AI1	AT3G50110	AI1	AT5G58750	AI1	AT5G57300	AI1	AT5G47310	AI1	AT5G47200	AI1	AT5G12010	AI1	AT5G06240	AI1	AT4G33350	AI1	AT4G25680	AI1	AT4G25660	AI1	AT4G25660	AI1	AT4G27610	AI1	AT4G17486	AI1	AT4G16143	AI1	AT4G02150	AI1	AT3G48160	AI1	AT3G46060	AI1	AT1G07840	AI1	AT3G20680	AI1	AT2G40765	AI1	AT1G71480	Immune_AI1	AT3G13720	AI1	AT3G06720	AI1	AT2G33390	AI1	AT2G30880	Immune_AI1	AT1G55190	AI1	AT1G67860	AI1	AT1G67865	AI1	AT1G49850	AI1	AT1G14340	AI1	AT1G09180	AI1	AT1G02690	AI1	AT1G47260
AT4G01090	33	space1	Immune	AT3G20190	Immune	AT3G02880	Immune	AT2G36570	Immune_AI1	AT1G51660	AI1	AT3G60360	Immune_AI1	AT5G58300	Immune	AT5G48500	Immune	AT5G16590	Immune	HARXLL512	Immune	AT5G45350	Immune	AT5G67200	Immune	AT5G05160	AI1	AT5G65940	AI1	AT5G16080	AI1	AT5G22890	AI1	AT5G11090	AI1	AT4G12450	AI1	AT5G66720	AI1	AT5G58950	AI1	AT5G16560	AI1	AT5G05190	AI1	AT4G28230	AI1	AT3G51180	AI1	AT1G22760	AI1	AT2G39100	AI1	AT2G32840	AI1	AT1G76760	AI1	AT1G49850	AI1	AT1G01440	AI1	AT2G42580	Immune	AT3G17840	Immune	AT1G48480	AI1	AT2G01760
AT5G22310	32	space1	Immune	AT4G34220	Immune	AT1G60630	Immune	AT5G05160	Immune	AT4G37250	Immune	AT1G25320	Immune	AT3G02880	Immune	AT2G36570	Immune	AT1G68400	Immune	AT1G34420	Immune	AT5G53320	Immune	AT5G58300	Immune	HARXLL512	Immune	HARXL45_group	Immune	ATR13_group	Immune	AT5G67200	Immune	HARXLL470_WACO9	AI1	AT5G58950	AI1	AT5G61010	AI1	AT5G22310	AI1	AT5G22310	AI1	AT3G22960	AI1	AT3G60360	AI1	AT3G55150	AI1	AT3G27960	AI1	AT3G11590	AI1	AT3G01690	AI1	AT1G54770	AI1	AT1G30860	AI1	AT1G52250	AI1	AT1G31880	AI1	AT1G01140	Immune	AT3G56100
AT5G24660	32	space1	AI1	AT5G17790	AI1	AT5G11090	AI1	AT3G10140	AI1	AT3G07310	Immune	HopZ_group	Immune	HARXLL60	Immune	ATR13_group	AI1	AT5G65683	AI1	AT5G51100	AI1	AT5G38420	AI1	AT5G16560	AI1	AT3G60820	AI1	AT3G60200	AI1	AT4G02770	AI1	AT3G60360	AI1	AT2G18730	AI1	AT1G77400	AI1	AT1G04930	AI1	AT3G15160	AI1	AT3G11590	AI1	AT3G07440	AI1	AT2G42260	AI1	AT2G39100	AI1	AT2G38300	AI1	AT1G29120	AI1	AT2G32840	AI1	AT1G54770	AI1	AT1G53800	AI1	AT1G49850	AI1	AT1G28360	AI1	AT2G37560	AI1	AT2G27990
AT5G61010	31	space1	Immune_AI1	AT3G59350	Immune	AT5G48740	Immune	AT1G34420	Immune	AT1G11130	AI1	AT5G15080	AI1	AT5G60120	AI1	AT5G22310	AI1	AT5G16560	AI1	AT3G60820	AI1	AT4G30490	AI1	AT4G24840	AI1	AT4G02770	AI1	AT1G68060	AI1	AT4G17680	AI1	AT3G60360	AI1	AT3G55150	AI1	AT3G01370	AI1	AT2G30590	AI1	AT1G04930	AI1	AT3G17668	AI1	AT3G07480	AI1	AT2G42260	AI1	AT2G39100	AI1	AT1G29120	AI1	AT1G61340	AI1	AT1G49850	AI1	AT1G28360	AI1	AT1G01140	AI1	AT1G22840	AI1	AT5G05190	Immune	AT3G25070
AT3G16310	31	space1	Immune_AI1	AT3G11820	Immune	AT3G03800	AI1	AT2G02990	AI1	AT1G52870	Immune	HARXLL493	AI1	AT5G53560	AI1	AT5G51010	AI1	AT5G43460	AI1	AT5G19750	AI1	AT4G14950	AI1	AT4G14455	AI1	AT4G10430	AI1	AT3G51450	AI1	AT3G43520	AI1	AT3G25220	AI1	AT3G20510	AI1	AT2G44080	AI1	AT2G43510	AI1	AT2G37180	AI1	AT2G33120	AI1	AT2G31490	AI1	AT2G03120	AI1	AT1G79040	AI1	AT1G73190	AI1	AT1G63120	AI1	AT1G62880	AI1	AT1G33800	AI1	AT1G14360	AI1	AT1G10030	AI1	AT1G04340	AI1	AT1G15080
AT4G26450	31	space1	Immune	AT3G11820	Immune	AT1G58400	AI1	AT2G24290	Immune	HARXLL495	Immune	HARXLL493	Immune	HARXLL492	Immune	AT5G08080	AI1	AT5G53560	AI1	AT5G39510	AI1	AT5G24130	AI1	AT4G03410	AI1	AT1G44800	AI1	AT3G29034	AI1	AT2G47770	AI1	AT3G43520	AI1	AT3G25190	AI1	AT3G22570	AI1	AT3G13520	AI1	AT3G02690	AI1	AT2G44080	AI1	AT2G16850	AI1	AT2G33120	AI1	AT1G16790	AI1	AT2G03120	AI1	AT1G75630	AI1	AT1G50430	AI1	AT1G33800	AI1	AT1G14360	AI1	AT1G10030	AI1	AT1G15080	AI1	AT3G60600
AT3G08530	31	space1	Immune	AT1G51790	Immune_AI1	AT1G51660	Immune	AT1G11130	AI1	AT2G41730	AI1	AT3G07440	Immune	HARXLL512	Immune	HARXL73	Immune	ATR13_group	Immune	AT4G26540	AI1	AT5G49210	AI1	AT5G16080	AI1	AT5G65683	AI1	AT5G37550	AI1	AT4G12450	AI1	AT3G60360	AI1	AT3G51180	AI1	AT3G45210	AI1	AT4G02770	AI1	AT5G05190	AI1	AT4G24840	AI1	AT3G13222	AI1	AT3G08530	AI1	AT3G08530	AI1	AT1G03140	AI1	AT3G06720	AI1	AT2G42260	AI1	AT2G38300	AI1	AT2G34720	AI1	AT2G32840	AI1	AT1G53510	AI1	AT1G49850
AT4G25200	31	space1	Immune	AT1G34420	Immune	AT1G06460	AI1	AT3G56290	Immune	HARXLL455	Immune	ATR1_group	Immune	AT5G45100	AI1	AT5G55220	AI1	AT4G34700	AI1	AT5G04470	AI1	AT5G09320	AI1	AT5G05190	AI1	AT5G02050	AI1	AT4G32190	AI1	AT4G25200	AI1	AT4G25200	AI1	AT4G16143	AI1	AT1G03250	AI1	AT1G15570	AI1	AT3G10970	AI1	AT3G06430	AI1	AT2G35500	AI1	AT2G25730	AI1	AT2G24550	AI1	AT2G17670	AI1	AT2G41350	AI1	AT2G32840	AI1	AT1G13520	AI1	AT1G61340	AI1	AT1G02690	Immune	AT3G48090	AI1	AT2G01760
AT2G01760	30	space1	AI1	AT1G31750	AI1	AT1G01050	AI1	AT1G34430	AI1	AT1G32380	Immune_AI1	AT4G04020	Immune	AT3G49570	AI1	AT5G17690	AI1	AT5G37890	AI1	AT5G37670	AI1	AT4G16780	AI1	AT4G04330	AI1	AT3G19895	AI1	AT2G37020	AI1	AT2G42490	AI1	AT5G64430	AI1	AT5G19960	AI1	AT5G27860	AI1	AT4G35110	AI1	AT4G32570	AI1	AT4G25200	AI1	AT4G17680	AI1	AT4G08150	AI1	AT4G01090	AI1	AT3G49160	AI1	AT3G14180	AI1	AT2G47710	AI1	AT2G45660	AI1	AT2G23290	LCI	AT2G01760	LCI	AT2G01760
AT1G49850	30	space1	AI1	AT1G09660	Immune	AT5G45100	Immune	AT3G49570	AI1	AT4G25660	AI1	AT5G61010	AI1	AT5G19960	AI1	AT3G46810	AI1	AT2G41680	AI1	AT4G10470	AI1	AT2G33880	AI1	AT5G56250	AI1	AT5G24660	AI1	AT5G22355	AI1	AT5G06780	AI1	AT4G39050	AI1	AT4G24840	AI1	AT4G17680	AI1	AT4G17220	AI1	AT4G08150	AI1	AT4G01090	AI1	AT3G49580	AI1	AT3G48150	AI1	AT3G25710	AI1	AT3G11590	AI1	AT3G08530	AI1	AT3G01670	AI1	AT2G23290	AI1	AT2G19650	AI1	AT1G31880	AI1	AT1G01440
AT4G02150	27	space1	Immune	AT3G44670	AI1	AT3G19895	AI1	AT2G17350	Immune	HARXL106_group	Immune	HARXLL445_group	Immune	AT4G04020	Immune	AT4G02550	AI1	AT5G09790	AI1	AT4G25660	AI1	AT4G30940	AI1	AT4G22240	AI1	AT5G19960	AI1	AT5G15800	AI1	AT4G32570	AI1	AT4G25920	AI1	AT4G24840	AI1	AT4G17680	AI1	AT4G17220	AI1	AT3G48550	AI1	AT3G22440	AI1	AT2G41350	AI1	AT1G60650	AI1	AT2G23290	AI1	AT1G31350	AI1	AT1G26660	AI1	AT1G06510	AI1	AT3G15540
AT4G17220	26	space1	Immune	AT2G28990	Immune	AT1G34420	Immune	AT1G12290	AI1	AT1G68060	AI1	AT1G15200	Immune	HARXL73	Immune	AT5G45490	AI1	AT5G49210	AI1	AT5G65683	AI1	AT5G19960	AI1	AT5G05190	AI1	AT4G32190	AI1	AT4G16143	AI1	AT4G02150	AI1	AT3G60360	AI1	AT3G11590	AI1	AT3G07780	AI1	AT1G03140	AI1	AT2G42260	AI1	AT2G39100	AI1	AT2G32840	AI1	AT1G30860	AI1	AT1G49850	AI1	AT1G24764	AI1	AT1G02690	AI1	AT3G17860
AT3G06720	26	space1	AI1	AT2G42490	Immune_AI1	AT4G04020	Immune	HARXL106_group	Immune	AT4G02550	AI1	AT4G32520	AI1	AT3G15540	AI1	AT3G25882	AI1	AT4G25660	AI1	AT4G30940	AI1	AT5G17690	AI1	AT5G37890	AI1	AT4G16780	AI1	AT3G19895	AI1	AT5G19960	AI1	AT5G51110	AI1	AT5G20720	AI1	AT5G19150	AI1	AT4G25920	AI1	AT4G02590	AI1	AT3G48150	AI1	AT3G08530	AI1	AT1G13030	AI1	AT2G39760	AI1	AT1G31350	AI1	AT1G26660	AI1	AT2G45660
AT1G69690	25	space1	Immune	AT1G56520	Immune	AT1G52200	Immune	AT1G51830	Immune	AT1G51790	Immune_AI1	AT3G45640	Immune	HopBB1_Pmo M301020	Immune	AT5G16900	Immune	AT2G23950	Immune	HARXLL500	Immune	HARXL10_WACO9	Immune	AVRRPM1_group	Immune	ATR1_group	Immune	AT3G56370	Immune	HARXL16	Immune	AT4G29450	Immune	AT2G28970	AI1	AT5G51100	AI1	AT5G38420	AI1	AT2G41730	AI1	AT3G54850	AI1	AT2G24860	AI1	AT1G22630	AI1	AT1G67800	AI1	AT1G52250	AI1	AT1G28360
AT4G24840	25	space1	Immune	HARXLL60	Immune	HARXL73	Immune	HARXLL516_WACO9	Immune	ATR13_group	Immune	HARXLL73_group	AI1	AT5G49210	AI1	AT5G37550	AI1	AT5G11090	AI1	AT5G61010	AI1	AT5G20030	AI1	AT4G24840	AI1	AT4G24840	AI1	AT4G02590	AI1	AT4G02150	AI1	AT3G60360	AI1	AT1G04930	AI1	AT3G25710	AI1	AT3G07440	AI1	AT3G08530	AI1	AT2G42870	AI1	AT2G42260	AI1	AT1G54770	AI1	AT1G49850	AI1	AT2G42580	AI1	AT2G44950
AT1G47260	25	space1	AI1	AT1G09180	Immune_AI1	AT3G13720	Immune	AT5G43470	Immune	AT1G59218	Immune	AT1G55190	AI1	AT5G16880	AI1	AT4G02080	AI1	AT5G16840	AI1	AT5G12010	AI1	AT5G06240	AI1	AT4G33350	AI1	AT4G25680	AI1	AT4G25660	AI1	AT4G17486	AI1	AT3G48160	AI1	AT1G71480	AI1	AT1G67860	AI1	AT3G43230	AI1	AT5G22290	AI1	AT4G35580	AI1	AT3G07480	AI1	AT1G67865	AI1	AT1G56330	LCI	AT1G47260	LCI	AT1G47260
AT5G65683	24	space1	Immune	AT3G49570	AI1	AT4G01480	AI1	AT5G24660	AI1	AT5G19960	AI1	AT3G22960	AI1	AT2G33880	AI1	AT5G06780	AI1	AT4G35110	AI1	AT4G17680	AI1	AT4G17220	AI1	AT3G56270	AI1	AT3G54170	AI1	AT3G50910	AI1	AT3G49580	AI1	AT3G48550	AI1	AT3G44720	AI1	AT3G24140	AI1	AT3G08530	AI1	AT2G41350	AI1	AT2G34090	AI1	AT2G23290	AI1	AT1G01050	AI1	AT4G28640	AI1	AT2G44950
AT3G11590	24	space1	Immune	AT1G11130	Immune	HopAG1_Psy B728A	Immune	HopZ_group	Immune	HARXLL470_WACO9	Immune	AT3G49570	AI1	AT5G49210	AI1	AT3G60360	AI1	AT5G58950	AI1	AT5G24660	AI1	AT5G22310	AI1	AT5G20030	AI1	AT5G05190	AI1	AT4G17710	AI1	AT4G17220	AI1	AT3G50910	AI1	AT3G27960	AI1	AT3G06430	AI1	AT3G01690	AI1	AT2G23290	AI1	AT2G19650	AI1	AT1G54060	AI1	AT1G30860	AI1	AT1G49850	AI1	AT1G25490
AT1G02690	24	space1	Immune_AI1	AT4G04020	AI1	AT3G15540	AI1	AT4G25660	AI1	AT1G67860	AI1	AT5G17690	AI1	AT5G37890	AI1	AT4G22240	AI1	AT4G04330	AI1	AT3G59470	AI1	AT1G34430	AI1	AT5G51110	AI1	AT5G22630	AI1	AT5G20720	AI1	AT4G25200	AI1	AT4G17220	AI1	AT3G54230	AI1	AT3G51960	AI1	AT3G48550	AI1	AT3G14180	AI1	AT2G41350	AI1	AT2G23290	AI1	AT1G51600	AI1	AT1G18040	AI1	AT1G06510
AT4G16143	23	space1	Immune	AT4G04020	Immune	AT4G02550	AI1	AT3G25882	Immune	HARXL106_group	AI1	AT4G25660	AI1	AT5G17690	AI1	AT4G16780	AI1	AT5G19960	AI1	AT5G51910	AI1	AT4G35110	AI1	AT4G32570	AI1	AT4G25920	AI1	AT4G25200	AI1	AT4G17680	AI1	AT4G17220	AI1	AT2G17350	AI1	AT3G49160	AI1	AT3G24140	AI1	AT1G60650	AI1	AT2G23290	AI1	AT1G31350	AI1	AT3G15540	AI1	AT4G10930
AT5G60120	23	space1	Immune	AT3G53970	Immune	AT3G49570	Immune	AT1G06460	Immune	HOPR1_group	Immune	HopBB1_Pmo M301020	Immune	avrPto_group	AI1	AT5G61010	AI1	AT2G33880	AI1	AT5G08330	AI1	AT4G17680	AI1	AT3G49580	AI1	AT3G48550	AI1	AT3G47620	AI1	AT3G44720	AI1	AT3G02150	AI1	AT2G38270	AI1	AT1G28360	AI1	AT1G31880	AI1	AT1G24625	AI1	AT1G15750	AI1	AT5G56290	AI1	AT3G29160	AI1	AT3G17860
AT2G44950	23	space1	Immune	AT1G59780	Immune	AT1G34420	AI1	AT2G17670	AI1	AT2G42870	AI1	AT2G26770	AI1	AT1G53800	AI1	AT1G24764	Immune	HARXLL516_WACO9	Immune	ATR1_group	Immune	HARXLL73_group	Immune	AT5G45100	Immune	AT3G49570	Immune	AT3G46710	AI1	AT5G65683	AI1	AT3G06530	AI1	AT5G65495	AI1	AT4G32190	AI1	AT4G24840	AI1	AT4G15545	AI1	AT3G10970	LCI	AT2G44950	LCI	AT2G44950	AI1	AT2G35940
AT1G14340	23	space1	Immune	HARXLL494	Immune	HARXL17_WACO9	AI1	AT4G02080	AI1	AT3G53180	AI1	AT5G58750	AI1	AT5G57300	AI1	AT5G47310	AI1	AT5G16840	AI1	AT5G06240	AI1	AT4G25660	AI1	AT3G50110	AI1	AT2G40765	AI1	AT1G71480	AI1	AT1G67860	AI1	AT5G49000	AI1	AT4G30490	AI1	AT3G11730	AI1	AT3G07670	AI1	AT3G01660	AI1	AT2G33390	AI1	AT1G67865	AI1	AT1G56330	AI1	AT1G09180
AT4G32190	22	space1	Immune	AT4G16860	AI1	AT1G25420	AI1	AT1G15720	Immune	ATR13_group	AI1	AT5G57910	AI1	AT5G65495	AI1	AT4G32570	AI1	AT4G25200	AI1	AT4G17680	AI1	AT4G17220	AI1	AT3G60360	AI1	AT2G18730	AI1	AT1G07840	AI1	AT3G22440	AI1	AT1G03140	AI1	AT3G02150	AI1	AT3G01180	AI1	AT1G53510	AI1	AT1G24764	AI1	AT1G22840	AI1	AT2G44950	AI1	AT2G35940
AT3G60360	22	space1	Immune	AT3G49570	AI1	AT3G43230	AI1	AT3G22960	AI1	AT5G53060	AI1	AT5G61010	AI1	AT5G19960	AI1	AT5G58720	AI1	AT5G24660	AI1	AT5G22310	AI1	AT5G13810	AI1	AT4G39050	AI1	AT4G32190	AI1	AT4G24840	AI1	AT4G17220	AI1	AT4G01090	AI1	AT3G50910	AI1	AT3G49580	AI1	AT3G11590	AI1	AT3G08530	AI1	AT2G23290	AI1	AT1G30860	AI1	AT1G06510
AT2G32840	22	space1	Immune	AT5G08080	Immune	AT3G49570	AI1	AT4G01480	AI1	AT5G38600	AI1	AT4G00120	AI1	AT2G33880	AI1	AT5G24660	AI1	AT5G11980	AI1	AT4G39050	AI1	AT4G25200	AI1	AT4G17680	AI1	AT4G17220	AI1	AT4G01090	AI1	AT3G56270	AI1	AT3G54850	AI1	AT3G50910	AI1	AT3G49580	AI1	AT3G27960	AI1	AT3G08530	AI1	AT2G47710	AI1	AT1G54060	AI1	AT1G06510
AT4G22250	21	space1	Immune	AT3G50230	Immune	AT2G15300	Immune	AT1G66830	Immune	AT1G17230	Immune	AT1G25320	Immune	AT3G20190	Immune	AT3G02880	Immune	AT1G68400	Immune	AT1G12290	AI1	AT3G61920	AI1	AT3G05935	Immune	AT5G53320	Immune	AT5G16590	Immune	AT5G67200	Immune	AT5G10020	Immune	AT5G05160	Immune	AT4G37250	AI1	AT5G66720	AI1	AT2G24860	AI1	AT1G22630	Immune	AT1G48480
AT3G06430	21	space1	Immune_AI1	AT4G11890	Immune	AT5G58430	AI1	AT5G47370	AI1	AT5G41070	AI1	AT5G56250	AI1	AT5G06780	AI1	AT4G32570	AI1	AT4G28640	AI1	AT4G25200	AI1	AT4G00980	AI1	AT3G54230	AI1	AT3G47620	AI1	AT3G25710	AI1	AT3G22550	AI1	AT3G17860	AI1	AT3G14180	AI1	AT3G11590	AI1	AT2G23290	AI1	AT1G30860	AI1	AT1G52250	AI1	AT1G51950
AT3G17860	20	space1	Immune	AT1G06460	AI1	AT1G67170	AI1	AT3G06430	AI1	AT1G18660	Immune	HOPR1_group	Immune	HopBB1_Pmo M301020	Immune	HARXL10_WACO9	Immune	avrPto_group	Immune	AT5G25930	Immune	AT4G20790	AI1	AT4G15700	AI1	AT5G38420	AI1	AT5G60120	AI1	AT5G16560	AI1	AT4G17220	AI1	AT3G29160	LCI	AT3G17860	LCI	AT3G17860	LCI	AT1G70700	LCI	AT1G17380
AT4G35110	19	space1	Immune	AT2G02220	Immune	AT3G51740	Immune	AT3G42880	Immune	AT3G02880	Immune	AT3G03800	Immune	AT1G34420	AI1	AT3G20260	Immune	AT5G16590	AI1	AT5G65940	AI1	AT5G65683	AI1	AT5G17690	AI1	AT4G15545	AI1	AT4G16143	AI1	AT1G03140	AI1	AT2G25730	Immune	AT3G17840	Immune	AT1G48480	Immune	AT3G56100	AI1	AT2G01760
AT1G15750	19	space1	Immune_AI1	AT2G22670	Immune	HARXL21	AI1	AT4G15700	AI1	AT5G63350	AI1	AT4G14560	AI1	AT3G15540	AI1	AT4G29080	AI1	AT3G25882	AI1	AT5G60120	AI1	AT5G16560	AI1	AT4G28640	AI1	AT3G23060	AI1	AT2G46870	AI1	AT2G45660	AI1	AT2G38300	AI1	AT1G17380	AI1	AT1G15750	AI1	AT1G15750	AI1	AT1G04100
AT4G02590	18	space1	Immune	AT3G14470	Immune	AT1G58390	Immune	AT3G46710	Immune	AT1G59780	Immune	AT5G43740	Immune	HopBB1_Pmo M301020	Immune	HARXL10_WACO9	Immune	ATR1_group	Immune	AT4G09420	AI1	AT5G11980	AI1	AT4G24840	AI1	AT3G12930	AI1	AT3G06720	AI1	AT2G42870	AI1	AT2G24860	AI1	AT1G22630	AI1	AT1G03040	AI1	AT1G31050
AT5G16560	18	space1	Immune	AT3G49570	Immune	AT1G06460	AI1	AT1G18400	Immune	AT5G58430	AI1	AT5G61010	AI1	AT5G24660	AI1	AT2G33880	AI1	AT4G39050	AI1	AT4G27060	AI1	AT4G01090	AI1	AT3G48150	AI1	AT3G44720	AI1	AT1G07310	AI1	AT3G27960	AI1	AT2G19650	AI1	AT1G01440	AI1	AT1G15750	AI1	AT3G17860
AT1G31880	18	space1	Immune	AT1G11130	Immune	AT1G06460	Immune_AI1	AT1G51660	Immune	AT5G45780	Immune	AT4G09420	AI1	AT4G26640	AI1	AT4G08460	AI1	AT4G21720	AI1	AT1G69810	AI1	AT5G60120	AI1	AT5G22310	AI1	AT3G59200	AI1	AT3G54170	AI1	AT2G46870	AI1	AT2G24570	AI1	AT1G49850	AI1	AT1G01140	AI1	AT1G01440
AT5G38420	17	space1	Immune	AT3G49570	AI1	AT1G06460	AI1	AT2G41370	AI1	AT5G24660	AI1	AT5G11980	AI1	AT5G08330	AI1	AT4G17680	AI1	AT3G49580	AI1	AT3G47620	AI1	AT3G27960	AI1	AT1G69690	AI1	AT1G14920	AI1	AT1G09660	AI1	AT1G01440	AI1	AT4G08150	AI1	AT3G17860	AI1	AT2G35940
AT2G19650	17	space1	Immune	AT1G69990	Immune	AT1G11130	Immune	AT5G45780	Immune	AT5G06820	Immune	AT3G25070	Immune	AT2G24130	AI1	AT5G47370	AI1	AT5G51100	AI1	AT5G22890	AI1	AT4G12450	AI1	AT3G46810	AI1	AT5G16560	AI1	AT3G11590	AI1	AT2G34720	AI1	AT2G30880	AI1	AT1G76760	AI1	AT1G49850
AT4G28640	17	space1	Immune	AT1G34420	AI1	AT3G09630	AI1	AT3G06430	AI1	AT2G22670	AI1	AT1G04240	AI1	AT1G51950	AI1	AT1G01140	AI1	AT1G15750	AI1	AT3G15540	Immune	AT4G39270	Immune	ATR13_group	Immune	HARXLL470_WACO9	AI1	AT5G65683	AI1	AT5G04600	AI1	AT4G29080	AI1	AT5G09320	LCI	AT1G32230
AT3G50910	17	space1	Immune	AT5G51560	Immune	ATR13_group	AI1	AT5G51010	AI1	AT5G65683	AI1	AT3G60360	AI1	AT3G60200	AI1	AT5G05760	AI1	AT3G60600	AI1	AT3G20510	AI1	AT3G11590	AI1	AT2G42260	AI1	AT2G32840	AI1	AT2G31040	AI1	AT1G79040	AI1	AT1G54770	AI1	AT1G53800	AI1	AT1G04340
AT5G22355	16	space1	Immune	AT5G06820	Immune	AT1G17230	Immune	avrPto_group	AI1	AT5G22890	AI1	AT5G22355	AI1	AT5G22355	AI1	AT4G01920	AI1	AT3G15660	AI1	AT2G18730	AI1	AT3G15160	AI1	AT3G02150	AI1	AT1G49850	AI1	AT1G28360	AI1	AT1G24625	AI1	AT2G42580	AI1	AT3G29160
AT4G27060	16	space1	Immune	AT2G26730	Immune	AT3G20190	Immune	AT3G02880	Immune	AT2G36570	Immune	AT1G68400	Immune	AT1G11130	Immune	AT5G58300	Immune	AT5G16590	Immune	AT5G67200	Immune	AT5G06820	Immune	AT5G05160	AI1	AT5G22890	AI1	AT5G16560	AI1	AT1G53800	Immune	AT3G17840	Immune	AT1G48480
AT5G51910	16	space1	Immune	AT4G21610	Immune	AT2G35620	AI1	AT5G47370	Immune	HARXL45_group	Immune	avrC_group	Immune	avrB_group	AI1	AT5G51910	AI1	AT5G51910	AI1	AT5G08330	AI1	AT4G16780	AI1	AT4G16143	AI1	AT3G20420	AI1	AT3G47620	AI1	AT2G25730	AI1	AT1G24625	AI1	AT3G29160
AT3G51180	16	space1	Immune	AT3G49570	AI1	AT2G41370	AI1	AT5G64430	AI1	AT4G17680	AI1	AT4G01090	AI1	AT3G54230	AI1	AT3G47620	AI1	AT1G07310	AI1	AT3G27960	AI1	AT1G67170	AI1	AT3G08530	AI1	AT3G01670	AI1	AT2G34710	AI1	AT1G14920	AI1	AT1G09660	AI1	AT1G01440
AT5G41600	16	space1	AI1	AT5G07730	AI1	AT5G61340	AI1	AT5G53560	AI1	AT5G41600	AI1	AT5G41600	AI1	AT3G60590	AI1	AT3G29034	AI1	AT3G29270	AI1	AT3G50920	AI1	AT3G46060	AI1	AT2G39960	AI1	AT2G33120	AI1	AT1G27700	Immune_AI1	AT1G55190	AI1	AT2G03120	AI1	AT1G01230
AT3G29160	16	space1	AI1	AT1G07310	Immune	AT3G07780	AI1	AT2G23290	AI1	AT1G54060	AI1	AT1G51600	AI1	AT3G14180	Immune	AT3G49570	AI1	AT4G10470	AI1	AT5G60120	AI1	AT5G51910	AI1	AT5G22355	AI1	AT4G25920	AI1	AT3G63210	AI1	AT3G48550	AI1	AT3G17860	LCI	AT1G75950
AT5G08330	15	space1	Immune	AT3G49570	AI1	AT2G33880	Immune	HARXL10_WACO9	AI1	AT5G38420	AI1	AT5G60120	AI1	AT5G51910	AI1	AT5G08330	AI1	AT5G08330	AI1	AT4G15700	AI1	AT4G19700	AI1	AT4G17680	AI1	AT3G47620	AI1	AT1G32540	AI1	AT1G24625	AI1	AT1G18660
AT5G19960	15	space1	Immune	AT1G34420	Immune	AT1G11130	AI1	AT5G65683	AI1	AT5G19960	AI1	AT5G19960	AI1	AT5G19990	AI1	AT4G17220	AI1	AT4G16143	AI1	AT4G02150	AI1	AT3G60360	AI1	AT3G47620	AI1	AT3G06720	AI1	AT1G49850	AI1	AT5G05190	AI1	AT2G01760
AT4G19700	15	space1	Immune	AT1G12290	Immune	HARXL10_WACO9	Immune	ATR1_group	Immune	ATR13_group	Immune	HARXL44	AI1	AT5G66720	AI1	AT5G42980	AI1	AT5G08330	AI1	AT1G45145	AI1	AT4G02770	AI1	AT2G33210	AI1	AT2G41350	AI1	AT2G38300	AI1	AT2G34720	AI1	AT2G24570
AT5G05190	15	space1	AI1	AT4G39050	AI1	AT4G25200	AI1	AT4G17220	AI1	AT4G01090	AI1	AT3G11590	AI1	AT3G08530	AI1	AT2G41680	AI1	AT3G02150	LCI	AT3G17840	Immune	AT5G58430	AI1	AT5G53060	AI1	AT5G61010	AI1	AT5G19960	AI1	AT5G06780	LCI	AT1G48480
AT4G02770	14	space1	Immune	AT1G76850	AI1	AT3G61150	AI1	AT5G37670	AI1	AT5G61010	AI1	AT5G24660	AI1	AT4G19700	AI1	AT4G17680	AI1	AT3G49580	AI1	AT3G48150	AI1	AT3G47620	AI1	AT3G24140	AI1	AT3G08530	AI1	AT2G23290	AI1	AT1G09660
AT2G39100	14	space1	Immune	AT1G76850	Immune	AT3G49570	AI1	AT5G53060	AI1	AT5G61010	AI1	AT5G38600	AI1	AT5G24660	AI1	AT4G39050	AI1	AT4G17220	AI1	AT4G11890	AI1	AT4G08150	AI1	AT4G01090	AI1	AT3G48150	AI1	AT3G07780	AI1	AT1G09660
AT5G58720	14	space1	Immune	AT1G12290	AI1	AT5G22890	AI1	AT5G04600	AI1	AT4G13540	AI1	AT4G08460	Immune	HARXLL512	Immune	ATR13_group	Immune	HARXLL470_WACO9	AI1	AT5G58950	AI1	AT3G60360	AI1	AT1G71050	AI1	AT3G09630	AI1	AT1G54770	AI1	AT1G01140
AT5G13810	14	space1	Immune	AT1G11130	Immune	HopX_group	Immune	AT5G48740	AI1	AT5G63310	AI1	AT3G60360	AI1	AT2G35240	AI1	AT2G39250	AI1	AT1G03140	AI1	AT3G01180	AI1	AT2G42260	AI1	AT1G59520	AI1	AT2G24570	AI1	AT1G76760	AI1	AT1G22920
AT3G29270	14	space1	AI1	AT1G70660	AI1	AT5G61340	AI1	AT5G24130	AI1	AT5G19875	AI1	AT5G41600	AI1	AT3G29270	AI1	AT3G29270	AI1	AT3G50920	AI1	AT1G71050	AI1	AT2G44080	Immune_AI1	AT1G55190	AI1	AT1G75630	AI1	AT1G67860	AI1	AT1G01230
AT4G08150	14	space1	AI1	AT3G12930	AI1	AT3G55150	AI1	AT2G30590	AI1	AT2G30120	AI1	AT2G39100	AI1	AT1G22630	AI1	AT1G49850	AI1	AT1G01140	AI1	AT1G22840	Immune	HOPAB_group	AI1	AT5G38420	AI1	AT4G12450	LCI	AT2G27990	AI1	AT2G01760
AT1G20140	14	space1	Immune	AT4G09420	AI1	AT5G67140	AI1	AT5G65495	AI1	AT5G39450	AI1	AT4G39753	AI1	AT4G10400	AI1	AT3G48880	AI1	AT3G15430	AI1	AT1G61340	AI1	AT1G57790	LCI	AT4G08980	LCI	AT3G26000	LCI	AT2G01620	AI1_LCI	AT1G06110
AT1G76760	13	space1	Immune	AT1G61310	Immune	AT1G76850	AI1	AT2G41680	AI1	AT5G13810	AI1	AT4G17680	AI1	AT4G01090	AI1	AT4G00980	AI1	AT3G56270	AI1	AT3G47620	AI1	AT3G44720	AI1	AT3G02150	AI1	AT2G19650	AI1	AT1G01440
AT3G44720	13	space1	Immune	AT1G34420	Immune	AT1G11130	Immune	HARXLL73_group	AI1	AT5G65683	AI1	AT5G60120	AI1	AT5G22630	AI1	AT5G16560	AI1	AT3G44720	AI1	AT3G44720	AI1	AT3G17668	AI1	AT1G76760	AI1	AT1G53510	AI1	AT1G25490
AT4G25680	13	space1	AI1	AT4G02080	AI1	AT4G33350	AI1	AT4G25680	AI1	AT4G25680	AI1	AT4G25660	AI1	AT4G17486	AI1	AT3G20680	AI1	AT3G13720	AI1	AT2G30880	Immune_AI1	AT1G55190	AI1	AT1G56330	AI1	AT1G09180	AI1	AT1G47260
AT2G41350	13	space1	Immune	HARXL73	Immune	HARXLL455	Immune	HARXLL516_WACO9	Immune	ATR13_group	AI1	AT5G49210	AI1	AT5G65683	AI1	AT5G25220	AI1	AT3G06530	AI1	AT4G25200	AI1	AT4G19700	AI1	AT4G02150	AI1	AT2G42870	AI1	AT1G02690
AT1G54060	13	space1	Immune	HARXLL455	Immune	AT1G67720	Immune	HARXLL470_WACO9	Immune	HARXL106_group	AI1	AT3G20420	AI1	AT1G71480	AI1	AT3G61790	AI1	AT3G29160	AI1	AT3G11590	AI1	AT3G09630	AI1	AT2G32840	AI1	AT2G31490	AI1	AT1G31050
AT1G30860	13	space1	Immune	ATR13_group	AI1	AT5G22890	AI1	AT3G60360	AI1	AT5G22310	AI1	AT4G28230	AI1	AT4G17220	AI1	AT3G11590	AI1	AT3G06430	AI1	AT3G01690	AI1	AT2G39760	AI1	AT2G01250	AI1	AT1G54770	AI1	AT1G53800
AT1G01440	13	space1	Immune	AT3G49570	AI1	AT5G38420	AI1	AT3G51180	AI1	AT1G67090	AI1	AT5G16560	AI1	AT4G01090	AI1	AT3G61790	AI1	AT3G49580	AI1	AT3G22440	AI1	AT1G76760	AI1	AT1G49850	AI1	AT1G31880	AI1	AT1G31050
AT1G06510	13	space1	Immune	HARXL8	Immune	HARXL60	Immune	HARXL14	Immune	AT1G34420	AI1	AT5G49210	AI1	AT3G60360	AI1	AT4G02150	AI1	AT3G17668	AI1	AT2G42260	AI1	AT2G32840	AI1	AT1G54770	AI1	AT1G32580	AI1	AT1G02690
AT5G17690	12	space1	Immune	AT1G51820	Immune	AT1G51850	AI1	AT4G35110	AI1	AT4G16143	AI1	AT3G48550	AI1	AT3G23060	AI1	AT3G06720	AI1	AT1G09270	AI1	AT1G02690	LCI	AT5G17690	LCI	AT5G17690	AI1	AT2G01760
AT5G49210	12	space1	Immune	AT5G08080	AI1	AT5G51110	AI1	AT5G11980	AI1	AT4G39050	AI1	AT4G24840	AI1	AT4G17220	AI1	AT3G11590	AI1	AT3G08530	AI1	AT2G41350	AI1	AT1G06510	AI1	AT2G35940	AI1	AT2G25490
AT1G69810	12	space1	Immune	AT1G17230	AI1	AT1G64180	AI1	AT1G69810	AI1	AT1G69810	AI1	AT4G01920	AI1	AT3G54390	AI1	AT3G47620	AI1	AT3G15160	AI1	AT3G02150	AI1	AT2G38270	AI1	AT1G14920	AI1	AT1G31880
AT3G07120	12	space1	Immune	AT3G02880	Immune	AT2G36570	Immune	AT2G07040	Immune	AT5G10020	Immune	AT5G05160	Immune	AT3G56100	Immune	AT3G51740	Immune	AT3G42880	Immune	AT3G20190	Immune	AT3G17840	Immune	AT3G08680	Immune	AT1G68400
AT3G01670	12	space1	Immune	AT1G61310	Immune	AT3G25070	AI1	AT5G54190	AI1	AT3G51180	AI1	AT3G15660	AI1	AT3G54230	AI1	AT3G17668	AI1	AT3G01670	AI1	AT3G01670	AI1	AT2G38300	AI1	AT1G29120	AI1	AT1G49850
AT3G22960	12	space1	Immune	AT1G34420	Immune	AT1G11130	AI1	AT5G65683	AI1	AT3G60820	AI1	AT3G60360	AI1	AT5G58950	AI1	AT5G04600	AI1	AT5G22310	AI1	AT5G14390	AI1	AT1G75400	AI1	AT3G09630	AI1	AT3G01690
AT3G54390	12	space1	Immune	AT1G34420	AI1	AT3G48160	Immune	HARXLL470_WACO9	AI1	AT4G33350	AI1	AT1G02680	AI1	AT1G71050	AI1	AT2G25730	AI1	AT1G17970	AI1	AT2G17670	AI1	AT1G69810	AI1	AT2G36145	AI1	AT1G52250
AT2G45660	12	space1	Immune	AT1G34420	AI1	AT2G24550	AI1	AT1G15750	AI1_LCI	AT1G69120	Immune	HARXL45_group	AI1_LCI	AT5G15800	AI1	AT5G04600	AI1	AT5G22290	AI1	AT3G06720	LCI	AT2G45660	LCI	AT2G45660	AI1	AT2G01760
AT1G28360	12	space1	Immune	AT1G11130	Immune	AT4G20140	Immune	AT2G24130	AI1	AT5G61010	AI1	AT5G60120	AI1	AT5G24660	AI1	AT5G22355	AI1	AT4G17680	AI1	AT3G49580	AI1	AT2G20570	AI1	AT1G69690	AI1	AT1G32540
AT5G11980	12	space1	AI1	AT3G60820	Immune	HARXL73	AI1	AT5G49210	AI1	AT5G38420	AI1	AT4G02590	AI1	AT3G63210	AI1	AT3G47620	AI1	AT3G10970	AI1	AT1G79430	AI1	AT2G32840	AI1	AT2G26800	AI1	AT1G03040
AT3G54850	12	space1	Immune	HARXL73	Immune	ATR13_group	Immune	AT5G45780	Immune	AT5G37450	AI1	AT5G58950	AI1	AT5G65495	AI1	AT3G54850	AI1	AT3G54850	AI1	AT3G48150	AI1	AT2G32840	AI1	AT1G69690	AI1	AT1G53510
AT3G48550	12	space1	Immune	HOPR1_group	AI1	AT5G65683	AI1	AT3G61920	AI1	AT5G17690	AI1	AT5G60120	AI1	AT4G02150	AI1	AT2G30120	AI1	AT3G25710	AI1	AT3G17668	AI1	AT3G10970	AI1	AT1G02690	AI1	AT3G29160
AT3G15540	12	space1	AI1	AT3G06720	Immune	AT2G22670	AI1	AT1G51950	AI1	AT1G15750	AI1	AT1G02690	AI1	AT1G04100	AI1_LCI	AT4G14560	AI1	AT4G28640	AI1	AT4G16143	AI1	AT4G02150	LCI	AT3G15540	LCI	AT3G15540
AT2G42260	12	space1	Immune	AT3G49570	AI1	AT5G61010	AI1	AT5G24660	AI1	AT5G13810	AI1	AT4G39050	AI1	AT4G24840	AI1	AT4G17220	AI1	AT3G50910	AI1	AT3G08530	AI1	AT2G21380	AI1	AT2G23290	AI1	AT1G06510
AT2G38300	12	space1	AI1	AT2G34710	Immune	AT5G58430	Immune	AT3G49570	AI1	AT5G65210	AI1	AT5G24660	AI1	AT4G19700	AI1	AT4G17680	AI1	AT3G49580	AI1	AT3G08530	AI1	AT3G01670	AI1	AT2G23290	AI1	AT1G15750
AT1G54770	12	space1	Immune	AT3G49570	AI1	AT5G58720	AI1	AT5G24660	AI1	AT5G22310	AI1	AT4G24840	AI1	AT3G54170	AI1	AT3G50910	AI1	AT3G48150	AI1	AT3G27960	AI1	AT2G23290	AI1	AT1G30860	AI1	AT1G06510
AT1G53800	12	space1	AI1	AT1G30860	Immune	AT3G49570	AI1	AT5G24660	AI1	AT4G39050	AI1	AT4G27060	AI1	AT4G17680	AI1	AT4G10840	AI1	AT3G50910	AI1	AT3G49580	AI1	AT2G44950	AI1	AT2G23290	AI1	AT1G03040
AT1G18660	12	space1	Immune	AT4G04020	Immune	AT1G76850	AI1	AT5G08330	AI1	AT3G63210	AI1	AT3G48150	AI1	AT3G47620	AI1	AT3G17860	AI1	AT2G35940	AI1	AT1G32230	AI1	AT1G21840	AI1	AT1G18660	AI1	AT1G18660
AT5G22890	11	space1	Immune_AI1	AT4G04020	Immune	AT3G49570	AI1	AT5G58720	AI1	AT5G22355	AI1	AT4G39050	AI1	AT4G27060	AI1	AT4G01090	AI1	AT3G49580	AI1	AT2G19650	AI1	AT1G30860	AI1	AT3G51960
AT3G63210	11	space1	Immune	AT3G49570	Immune	avrPto_group	Immune	AT4G01370	AI1	AT5G11980	AI1	AT3G02150	AI1	AT2G38270	AI1	AT1G24625	AI1	AT1G18660	Immune_AI1	AT3G45640	AI1	AT3G29160	Immune	AT2G43790
AT4G16780	11	space1	Immune	AT1G34420	AI1	AT5G47370	AI1	AT4G16780	AI1	AT4G16780	AI1	AT5G51910	AI1	AT4G17680	AI1	AT4G16143	AI1	AT3G06720	AI1	AT3G02150	AI1	AT1G22920	AI1	AT2G01760
AT4G32570	11	space1	Immune	AT1G34420	AI1	AT4G15700	Immune	HARXL16	AI1	AT4G32190	AI1	AT4G16143	AI1	AT4G02150	AI1	AT2G30540	AI1	AT1G67170	AI1	AT3G06430	AI1	AT2G30880	AI1	AT2G01760
AT4G00980	11	space1	Immune	AT1G34420	Immune	AT5G51560	Immune	ATR1_group	AI1	AT5G16080	AI1	AT4G15700	AI1	AT3G27960	AI1	AT2G42490	AI1	AT3G06430	AI1	AT2G30880	AI1	AT1G76760	AI1	AT1G14920
AT3G51960	11	space1	Immune	AT1G34420	Immune	AT1G12290	AI1	AT3G15660	AI1	AT1G13520	AI1	AT1G02690	Immune	avrC_group	Immune	avrB_group	AI1	AT5G22890	LCI	AT3G51960	LCI	AT3G51960	Immune	AT3G25070
AT3G14180	11	space1	Immune	AT1G34420	AI1	AT3G09630	AI1	AT3G06430	AI1	AT3G01690	AI1	AT1G02690	Immune	AT4G21610	Immune	AT4G20790	AI1	AT3G55150	AI1	AT3G29160	LCI	AT3G56100	AI1	AT2G01760
AT2G39760	11	space1	Immune	AT1G34420	Immune	HOPQ1-1_group	AI1_LCI	AT2G39760	AI1_LCI	AT2G39760	AI1	AT5G47370	AI1	AT4G17486	AI1	AT3G54170	AI1	AT3G06720	AI1	AT2G21380	AI1	AT1G30860	AI1	AT1G04100
AT3G55150	11	space1	Immune	AT4G02550	AI1	AT5G63310	AI1	AT5G61010	AI1	AT5G57210	AI1	AT5G51110	AI1	AT5G22310	AI1	AT4G08150	AI1	AT3G56270	AI1	AT1G51950	AI1	AT1G14687	AI1	AT3G14180
AT3G25710	11	space1	AI1	AT3G24140	AI1	AT3G06530	AI1	AT2G30120	Immune	ATR1_group	AI1	AT4G24840	AI1	AT3G48550	AI1	AT3G48150	AI1	AT3G06430	AI1	AT3G02150	AI1	AT1G49850	AI1	AT1G29990
AT2G35940	11	space1	AI1	AT2G21380	AI1	AT1G59520	AI1	AT1G18660	Immune	avrPto_group	AI1	AT5G49210	AI1	AT5G38420	AI1	AT4G32190	AI1	AT2G44950	LCI	AT5G25220	LCI	AT2G35940	LCI	AT2G35940
AT1G52250	11	space1	AI1	AT1G34430	Immune_AI1	AT1G76850	AI1	AT4G32960	AI1	AT2G42790	AI1	AT5G22310	AI1	AT3G61310	AI1	AT3G54390	AI1	AT3G17668	AI1	AT3G06430	AI1	AT1G69690	AI1	AT1G22920
AT1G09660	11	space1	Immune	AT1G11130	AI1	AT5G54580	AI1	AT5G38420	AI1	AT3G51180	AI1	AT4G02770	AI1	AT5G51110	AI1	AT3G48150	AI1	AT3G15160	AI1	AT3G02150	AI1	AT2G39100	AI1	AT1G49850
AT1G01140	11	space1	Immune	AT3G49570	Immune	AT3G07780	AI1	AT5G61010	AI1	AT5G58720	AI1	AT5G22310	AI1	AT4G39050	AI1	AT4G28640	AI1	AT4G08150	AI1	AT2G34090	AI1	AT2G23290	AI1	AT1G31880
AT1G24625	11	space1	Immune	AT3G49570	AI1	AT5G17790	AI1	AT5G60120	AI1	AT5G51910	AI1	AT5G22355	AI1	AT5G08330	AI1	AT3G63210	AI1	AT3G49580	AI1	AT3G27960	AI1	AT3G02150	AI1	AT1G22920
AT4G28230	10	space1	Immune	AT2G26730	Immune	AT3G08680	Immune	AT1G76850	Immune	AT5G53320	Immune	AT5G58300	AI1	AT4G39050	AI1	AT4G01090	AI1	AT1G15570	AI1	AT1G30860	Immune	AT3G17840
AT4G25920	10	space1	Immune	AT1G62950	Immune	AT1G52660	Immune	AT1G34420	Immune	HARXL44	AI1	AT5G04600	AI1	AT4G16143	AI1	AT4G02150	AI1	AT3G06720	AI1	AT2G35500	AI1	AT3G29160
AT2G41680	10	space1	Immune	AT1G58390	Immune	AT1G11130	AI1	AT2G41680	AI1	AT2G41680	AI1	AT5G05190	AI1	AT4G34120	AI1	AT4G10930	AI1	AT3G02150	AI1	AT1G76760	AI1	AT1G49850
AT4G15700	10	space1	Immune	AT4G02550	AI1	AT5G08330	AI1	AT4G32570	AI1	AT4G01920	AI1	AT4G00980	AI1	AT2G05230	AI1	AT3G02150	AI1	AT1G22920	AI1	AT1G15750	AI1	AT3G17860
AT3G49160	10	space1	Immune	AT1G25320	AI1	AT3G15420	Immune	AT5G67200	Immune	HARXLL445_group	AI1	AT4G16143	AI1	AT3G49160	AI1	AT3G49160	AI1	AT1G71050	AI1	AT2G47710	AI1	AT2G01760
AT5G66720	10	space1	Immune	AT3G49570	AI1	AT5G66560	AI1	AT4G22250	AI1	AT4G19700	AI1	AT4G01090	AI1	AT3G49580	AI1	AT3G48150	AI1	AT3G47620	AI1	AT3G27960	Immune_AI1	AT3G07780
AT2G34090	10	space1	Immune	AT1G76850	AI1	AT1G29120	Immune	AT5G59670	AI1	AT5G65683	AI1	AT3G61310	AI1	AT3G20680	AI1	AT2G34090	AI1	AT2G34090	AI1	AT2G24860	AI1	AT1G01140
AT3G56270	10	space1	Immune	AT1G67510	AI1	AT3G12930	Immune	HARXLL60	Immune	ATR1_group	AI1	AT5G65683	AI1	AT3G55150	AI1	AT2G30920	AI1	AT3G01180	AI1	AT2G32840	AI1	AT1G76760
AT2G24860	10	space1	Immune_AI1	AT1G06460	Immune	AT3G49570	AI1	AT5G65790	AI1	AT4G22250	AI1	AT4G02590	AI1	AT3G49580	AI1	AT3G47620	AI1	AT3G02150	AI1	AT2G34090	AI1	AT1G69690
AT4G33350	10	space1	AI1	AT4G31430	AI1	AT4G25680	AI1	AT4G25660	AI1	AT3G43230	AI1	AT3G54390	AI1	AT3G24140	Immune	AT3G13720	AI1	AT3G02150	Immune	AT1G55190	AI1	AT1G47260
AT4G17486	10	space1	AI1	AT4G25680	AI1	AT4G25660	AI1	AT5G15800	AI1	AT5G22290	Immune_AI1	AT3G13720	AI1	AT3G02150	AI1	AT2G39760	Immune	AT1G55190	AI1	AT1G27300	AI1	AT1G47260
AT1G15570	10	space1	Immune	AT3G28040	AI1	AT1G64180	AI1	AT3G24140	AI1	AT5G57210	AI1	AT5G20030	AI1	AT4G39050	AI1	AT4G28230	AI1	AT4G25200	AI1	AT4G17680	AI1	AT3G48150
AT3G10970	10	space1	Immune	AT3G49570	AI1	AT3G61150	AI1	AT5G51110	AI1	AT5G11980	AI1	AT4G25200	AI1	AT4G17680	AI1	AT3G48550	AI1	AT3G47620	AI1	AT3G02150	AI1	AT2G44950
AT4G14560	10	space1	Immune_LCI	AT2G22670	AI1_LCI	AT1G04240	AI1	AT1G51950	AI1	AT1G15750	AI1_LCI	AT3G15540	AI1	AT4G29080	LCI	AT4G14560	LCI	AT4G14560	LCI	AT5G43700	AI1	AT1G52830
AT1G75630	10	space1	Immune	AT5G08080	AI1	AT3G29270	AI1	AT5G22290	AI1	AT4G32750	AI1	AT4G26450	AI1	AT4G19030	AI1	AT3G60600	AI1	AT1G75630	AI1	AT1G75630	AI1	AT1G27300
AT1G14920	10	space1	Immune	avrB_group	AI1	AT5G38420	AI1	AT3G51180	AI1	AT3G16250	AI1	AT1G69810	AI1	AT4G00980	AI1	AT3G05625	AI1	AT1G70700	AI1	AT1G60670	AI1	AT1G53510
AT1G04100	10	space1	Immune	AT2G22670	AI1	AT3G15540	AI1	AT5G43700	AI1	AT2G39760	AI1	AT1G52830	AI1	AT1G51950	AI1	AT1G15750	AI1	AT1G14687	AI1	AT1G04100	AI1	AT1G04100
AT5G51010	9	space1	Immune	AT5G08080	AI1	AT5G07730	AI1	AT5G22290	AI1	AT4G35580	AI1	AT4G19030	AI1	AT3G50910	AI1	AT3G16310	AI1	AT1G27300	AI1	AT3G60600
AT5G66480	9	space1	Immune	AT3G11820	Immune	HARXLL495	Immune	HARXLL493	Immune	HARXLL492	AI1	AT5G05760	AI1	AT3G60590	AI1	AT3G50920	AI1	AT3G01660	AI1	AT1G14360
AT3G24140	9	space1	Immune	AT1G17230	AI1	AT1G15570	AI1	AT5G65683	AI1	AT4G33520	AI1	AT4G02770	AI1	AT4G33350	AI1	AT4G16143	AI1	AT3G25710	AI1	AT2G30590
AT3G43230	9	space1	Immune	AT2G28990	Immune	AT1G11130	AI1	AT3G60360	AI1	AT5G16840	AI1	AT4G33350	Immune	AT3G13720	AI1	AT1G67865	AI1	AT1G56330	AI1	AT1G47260
AT5G11090	9	space1	Immune	AT3G49570	AI1	AT5G53060	AI1	AT5G24660	AI1	AT4G39050	AI1	AT4G24840	AI1	AT4G01090	AI1	AT3G49580	AI1	AT3G27960	AI1	AT3G07780
AT3G15660	9	space1	Immune	AT1G76850	AI1	AT2G16710	AI1	AT4G32520	AI1	AT5G13280	AI1	AT4G27610	AI1	AT5G22355	AI1	AT3G51960	AI1	AT3G01670	AI1	AT1G04240
AT3G01690	9	space1	Immune	AT1G76850	Immune	AT3G07780	AI1	AT3G22960	AI1	AT5G22310	AI1	AT4G39050	AI1	AT3G14180	AI1	AT3G11590	AI1	AT2G23290	AI1	AT1G30860
AT2G42490	9	space1	Immune	AT1G12290	AI1	AT5G65940	AI1	AT2G42490	AI1	AT2G42490	AI1	AT4G00980	AI1	AT3G06720	AI1	AT2G35500	AI1	AT1G13520	AI1	AT2G01760
AT4G35100	9	space1	Immune	AT5G08080	AI1	AT5G22290	AI1	AT4G35580	AI1	AT4G19030	AI1	AT3G54820	AI1	AT2G37180	AI1	AT2G16850	AI1	AT1G27300	AI1	AT3G60600
AT4G01920	9	space1	Immune	avrPto_group	AI1	AT4G15700	AI1	AT5G22355	AI1	AT3G47620	AI1	AT3G02150	AI1	AT1G69810	AI1	AT1G22630	AI1	AT1G22840	AI1	AT3G45640
AT3G09630	9	space1	Immune	HARXLL470_WACO9	AI1	AT3G22960	AI1	AT5G58720	AI1	AT4G28640	AI1	AT3G14180	AI1	AT3G13720	AI1	AT1G17970	AI1	AT2G23290	AI1	AT1G54060
AT2G35500	9	space1	Immune	HARXLL445_group	AI1	AT2G42790	AI1	AT2G42490	AI1	AT4G25920	AI1	AT4G25200	AI1	AT4G17680	AI1	AT3G49580	AI1	AT3G47620	AI1	AT3G02150
AT3G01180	9	space1	Immune	AT3G49570	AI1	AT5G13810	AI1	AT4G32190	AI1	AT3G56270	AI1	AT3G49580	AI1	AT3G47620	AI1	AT3G27960	AI1	AT3G09980	AI1	AT1G73500
AT2G44080	9	space1	Immune	AT5G08080	AI1	AT3G29270	AI1	AT5G22290	AI1	AT4G35580	AI1	AT4G26450	AI1	AT4G19030	AI1	AT3G60600	AI1	AT3G16310	AI1	AT1G27300
AT2G42870	9	space1	Immune	AT3G07780	AI1	AT4G00120	AI1	AT4G36540	AI1	AT4G24840	AI1	AT4G02590	AI1	AT3G22440	AI1	AT2G44950	AI1	AT2G41350	AI1	AT1G03040
AT2G16850	9	space1	Immune	AT5G08080	AI1	AT5G22290	AI1	AT4G35580	AI1	AT4G35100	AI1	AT4G26450	AI1	AT4G19030	AI1	AT3G60600	AI1	AT3G54820	AI1	AT2G37180
AT2G33120	9	space1	Immune	AT5G08080	AI1	AT5G41600	AI1	AT5G22290	AI1	AT4G35580	AI1	AT4G26450	AI1	AT4G19030	AI1	AT3G60600	AI1	AT3G16310	AI1	AT1G27300
AT1G67860	9	space1	Immune	AT1G55190	AI1	AT4G00780	AI1	AT5G47200	AI1	AT4G25660	AI1	AT3G29270	AI1	AT1G67865	AI1	AT1G14340	AI1	AT1G02690	AI1	AT1G47260
AT2G03120	9	space1	Immune	AT5G08080	AI1	AT5G41600	AI1	AT5G22290	AI1	AT4G35580	AI1	AT4G26450	AI1	AT4G19030	AI1	AT3G60600	AI1	AT3G16310	AI1	AT1G27300
AT1G51950	9	space1	AI1	AT1G04240	Immune_AI1	AT2G22670	AI1	AT5G55220	AI1	AT4G14560	AI1	AT3G15540	AI1	AT4G28640	AI1	AT3G55150	AI1	AT3G06430	AI1	AT1G04100
AT1G25490	9	space1	Immune	HARXLL500	Immune	ATR1_group	Immune	HARXL16	Immune	AT3G28040	AI1	AT3G45640	AI1	AT3G44720	AI1	AT3G13222	AI1	AT3G11590	AI1	AT1G32380
AT1G14360	9	space1	Immune	AT5G08080	AI1	AT5G66480	AI1	AT5G22290	AI1	AT4G35580	AI1	AT4G26450	AI1	AT4G19030	AI1	AT3G60600	AI1	AT3G16310	AI1	AT1G27300
AT1G15080	9	space1	Immune	AT5G08080	AI1	AT5G22290	AI1	AT4G35580	AI1	AT4G26450	AI1	AT4G19030	AI1	AT3G16310	AI1	AT1G27300	AI1	AT1G15080	AI1	AT1G15080
AT5G61340	8	space1	Immune	AT5G08080	AI1	AT5G41600	AI1	AT5G22290	AI1	AT1G78100	AI1	AT4G19030	AI1	AT3G29270	AI1	AT1G27300	AI1	AT3G60600
AT5G59790	8	space1	Immune	AT5G05160	Immune	AT4G37250	Immune	AT2G15300	Immune	AT1G25320	Immune	AT3G42880	Immune	AT2G36570	Immune	AT1G68400	Immune	AT3G17840
AT4G22240	8	space1	Immune	AT1G51850	Immune	AT4G04020	Immune	AT1G51830	Immune	AT1G34420	AI1	AT4G02150	AI1	AT3G61310	AI1	AT3G17668	AI1	AT1G02690
AT4G12450	8	space1	Immune	AT3G49570	AI1	AT4G01090	AI1	AT3G49580	AI1	AT3G48150	AI1	AT3G08530	AI1	AT2G23290	AI1	AT2G19650	AI1	AT4G08150
AT4G30490	8	space1	Immune	AT3G49570	Immune	AT5G08080	AI1	AT5G61010	AI1	AT5G22290	AI1	AT5G06780	AI1	AT3G49580	AI1	AT3G27960	AI1	AT1G14340
AT2G42580	8	space1	Immune	AT1G76850	AI1	AT5G22355	AI1	AT4G39050	AI1	AT4G24840	AI1	AT4G01090	LCI	AT2G42580	LCI	AT2G42580	LCI	AT5G42980
AT1G60650	8	space1	Immune	AT1G34420	Immune	AT1G11130	AI1	AT3G55460	AI1	AT1G60650	AI1	AT1G60650	AI1	AT4G16143	AI1	AT4G02150	AI1	AT2G36145
AT3G54230	8	space1	Immune	AT1G11130	AI1	AT3G51180	AI1	AT1G16610	Immune	AT5G49140	AI1	AT5G16080	AI1	AT3G06430	AI1	AT3G01670	AI1	AT1G02690
AT2G33880	8	space1	Immune	AT1G06460	AI1	AT5G65683	AI1	AT3G16250	AI1	AT5G60120	AI1	AT5G16560	AI1	AT5G08330	AI1	AT2G32840	AI1	AT1G49850
AT5G16840	8	space1	AI1	AT3G43230	AI1_LCI	AT3G13720	Immune_LCI	AT1G55190	AI1	AT1G14340	LCI	AT5G16840	LCI	AT5G16840	LCI	AT3G60600	AI1	AT1G47260
AT5G58950	8	space1	AI1	AT5G58720	AI1	AT5G22310	AI1	AT3G22960	AI1	AT4G39050	AI1	AT4G01090	AI1	AT3G54850	AI1	AT3G11590	Immune_AI1	AT3G07780
AT5G06780	8	space1	Immune	HOPAB_group	Immune	HARXL73	Immune	HARXLL516_WACO9	AI1	AT5G65683	AI1	AT4G30490	AI1	AT3G06430	AI1	AT1G49850	AI1	AT5G05190
AT3G54170	8	space1	Immune	HARXL73	AI1	AT5G65683	AI1	AT3G54170	AI1	AT3G54170	AI1	AT2G30120	AI1	AT2G39760	AI1	AT1G54770	AI1	AT1G31880
AT3G22440	8	space1	AI1	AT1G07840	Immune	AT4G25110	Immune	AT5G45350	Immune	AT4G23470	AI1	AT4G32190	AI1	AT4G02150	AI1	AT2G42870	AI1	AT1G01440
AT3G15160	8	space1	Immune	AT3G49570	AI1	AT5G24660	AI1	AT5G22355	AI1	AT5G02150	AI1	AT3G48150	Immune_AI1	AT3G07780	AI1	AT1G69810	AI1	AT1G09660
AT3G13222	8	space1	Immune	AT3G20190	AI1	AT3G19860	AI1	AT3G13222	AI1	AT3G13222	AI1	AT1G03457	AI1	AT3G08530	AI1	AT1G67800	AI1	AT1G25490
AT1G03140	8	space1	Immune	AT5G10020	AI1	AT5G66560	AI1	AT5G13810	AI1	AT4G39050	AI1	AT4G35110	AI1	AT4G32190	AI1	AT4G17220	AI1	AT3G08530
AT2G25730	8	space1	Immune	AT4G02550	Immune	AT3G07780	AI1	AT4G10470	AI1	AT5G51910	AI1	AT4G35110	AI1	AT4G25200	AI1	AT3G54390	AI1	AT3G02150
AT2G37180	8	space1	Immune	AT5G08080	AI1	AT4G35580	AI1	AT4G35100	AI1	AT4G19030	AI1	AT3G60600	AI1	AT3G54820	AI1	AT3G16310	AI1	AT2G16850
AT1G56330	8	space1	Immune	AT1G55190	Immune_AI1	AT3G13720	AI1	AT4G25680	AI1	AT3G43230	AI1	AT5G22290	AI1	AT4G35580	AI1	AT1G14340	AI1	AT1G47260
AT1G53510	8	space1	Immune	AT5G58430	Immune	AT3G49570	AI1	AT4G32190	AI1	AT3G54850	AI1	AT3G44720	AI1	AT3G08530	AI1	AT2G01570	AI1	AT1G14920
AT1G70700	8	space1	AI1	AT1G14920	Immune	AT3G49570	AI1	AT3G49580	AI1	AT3G27960	AI1	AT2G01570	LCI	AT3G17860	LCI	AT1G70700	LCI	AT1G70700
AT2G42790	7	space1	Immune	AT1G56540	Immune	AT1G34420	AI1	AT5G65940	AI1	AT5G55190	AI1	AT2G35500	AI1	AT1G13520	AI1	AT1G52250
AT5G56290	7	space1	Immune	AT5G45100	Immune	AT1G06460	AI1	AT2G26800	Immune	HARXLL73_group	AI1	AT5G57910	AI1	AT5G60120	LCI	AT1G20630
AT5G63310	7	space1	Immune	AT5G08080	AI1	AT5G13810	AI1	AT3G55150	LCI	AT3G45640	LCI	AT5G63310	LCI	AT5G63310	LCI	AT2G43790
AT5G53560	7	space1	Immune	AT5G08080	AI1	AT5G41600	AI1	AT4G26450	AI1	AT4G19030	AI1	AT3G16310	AI1	AT1G27300	AI1	AT3G60600
AT5G43460	7	space1	Immune	AT5G08080	AI1	AT5G22290	AI1	AT4G35580	AI1	AT4G19030	AI1	AT3G16310	AI1	AT1G27300	AI1	AT3G60600
AT5G19875	7	space1	Immune	AT5G08080	AI1	AT5G07730	AI1	AT5G22290	AI1	AT4G19030	AI1	AT3G29270	AI1	AT1G27300	AI1	AT3G60600
AT5G17790	7	space1	Immune	AT4G26540	Immune	AT3G49570	AI1	AT5G24660	AI1	AT3G49580	AI1	AT3G48150	AI1	AT3G27960	AI1	AT1G24625
AT5G47370	7	space1	Immune	AT4G23470	AI1	AT5G51910	AI1	AT4G16780	AI1	AT3G06430	AI1	AT2G39760	AI1	AT2G19650	AI1	AT1G22920
AT5G57910	7	space1	Immune	AT4G20790	AI1	AT5G25070	AI1	AT4G39050	AI1	AT4G32190	AI1	AT3G49580	AI1	AT3G06530	AI1	AT5G56290
AT5G65940	7	space1	Immune	AT4G02550	AI1	AT5G37890	AI1	AT2G42790	AI1	AT4G35110	AI1	AT2G17350	AI1	AT4G01090	AI1	AT2G42490
AT5G04600	7	space1	Immune	AT4G02550	AI1	AT5G58720	AI1	AT3G22960	AI1	AT4G25920	Immune	AT3G07780	AI1	AT4G28640	AI1	AT2G45660
AT5G37550	7	space1	Immune	AT3G49570	AI1	AT4G39050	AI1	AT4G24840	AI1	AT3G48150	AI1	AT3G27960	AI1	AT3G07780	AI1	AT3G08530
AT3G60820	7	space1	Immune	AT3G49570	AI1	AT3G22960	AI1	AT5G61010	AI1	AT5G24660	AI1	AT5G11980	AI1	AT3G49580	AI1	AT1G22920
AT5G09320	7	space1	Immune	AT3G49570	Immune	AT1G51790	AI1	AT4G25200	AI1	AT3G49580	AI1	AT3G27960	AI1	AT3G02150	AI1	AT4G28640
AT5G53060	7	space1	Immune	AT1G34420	AI1	AT5G54580	AI1	AT5G11090	AI1	AT3G60360	AI1	AT2G39100	AI1	AT1G29120	AI1	AT5G05190
AT5G37890	7	space1	Immune	AT1G34420	AI1	AT5G16880	AI1	AT5G65940	AI1	AT3G20260	AI1	AT3G06720	AI1	AT1G02690	AI1	AT2G01760
AT3G54820	7	space1	Immune	AT5G08080	AI1	AT5G22290	AI1	AT4G35580	AI1	AT4G35100	AI1	AT2G37180	AI1	AT2G16850	AI1	AT1G27300
AT3G54020	7	space1	AI1	AT2G23420	Immune	AT5G08080	AI1	AT5G22290	AI1	AT4G35580	AI1	AT4G19030	AI1	AT3G60600	AI1	AT1G27300
AT3G46060	7	space1	Immune	AT5G08080	AI1	AT5G41600	AI1	AT4G25660	AI1	AT5G22290	AI1	AT4G35580	AI1	AT4G19030	AI1	AT3G13720
AT2G18730	7	space1	Immune_AI1	AT2G43790	Immune	AT3G49570	AI1	AT5G24660	AI1	AT5G22355	AI1	AT4G32190	AI1	AT3G45640	AI1	AT3G27960
AT1G04930	7	space1	Immune	AT5G08080	Immune	AT3G49570	AI1	AT5G61010	AI1	AT5G24660	AI1	AT5G02150	AI1	AT4G24840	AI1	AT3G27960
AT2G24550	7	space1	Immune	AT4G02550	AI1	AT3G26030	AI1	AT5G10450	AI1	AT5G51110	AI1	AT4G25200	AI1	AT3G47620	AI1	AT2G45660
AT2G38270	7	space1	AI1	AT1G69810	Immune	AT3G49570	AI1	AT4G00120	AI1	AT5G60120	AI1	AT3G63210	AI1	AT3G49580	AI1	AT1G04240
AT2G31490	7	space1	Immune	AT5G08080	AI1	AT5G22290	AI1	AT4G19030	AI1	AT3G60600	AI1	AT3G16310	AI1	AT1G54060	AI1	AT1G27300
AT2G30880	7	space1	Immune_AI1	AT3G13720	AI1	AT4G25680	AI1	AT4G25660	AI1	AT4G32570	AI1	AT4G00980	AI1	AT1G55190	AI1	AT2G19650
AT2G26800	7	space1	Immune	AT3G49570	AI1	AT5G56290	AI1	AT5G11980	AI1	AT3G49580	AI1	AT3G48150	AI1	AT3G27960	AI1	AT1G22920
AT1G13520	7	space1	Immune	AT4G02550	AI1	AT5G37670	AI1	AT2G42790	AI1	AT2G42490	AI1	AT4G25200	AI1	AT3G51960	AI1	AT2G20570
AT1G79040	7	space1	Immune	AT5G08080	AI1	AT5G22290	AI1	AT4G35580	AI1	AT4G19030	AI1	AT3G50910	AI1	AT3G16310	AI1	AT1G27300
AT1G22630	7	space1	Immune	AT1G76850	AI1	AT4G22250	AI1	AT4G08150	AI1	AT4G02590	AI1	AT4G01920	AI1	AT3G48150	AI1	AT1G69690
AT1G63120	7	space1	Immune	AT5G08080	AI1	AT5G22290	AI1	AT4G35580	AI1	AT4G19030	AI1	AT3G60600	AI1	AT3G16310	AI1	AT1G27300
AT1G61340	7	space1	Immune_AI1	AT5G42190	Immune_AI1	AT1G75950	AI1	AT5G61010	AI1	AT4G25200	AI1	AT4G17680	AI1	AT3G48150	AI1	AT1G20140
AT1G31350	7	space1	Immune_AI1_LCI	AT5G42190	Immune_LCI	AT1G75950	AI1	AT4G16143	AI1	AT4G10840	AI1	AT4G02150	AI1	AT3G06720	AI1	AT1G09270
AT1G31050	7	space1	AI1	AT1G03040	Immune	AT3G49570	AI1	AT4G02590	AI1	AT3G49580	AI1	AT3G48150	AI1	AT1G54060	AI1	AT1G01440
AT1G10030	7	space1	Immune	AT5G08080	AI1	AT5G22290	AI1	AT4G35580	AI1	AT4G26450	AI1	AT4G19030	AI1	AT3G16310	AI1	AT1G27300
AT1G04340	7	space1	Immune	AT5G08080	AI1	AT5G22290	AI1	AT4G19030	AI1	AT3G60600	AI1	AT3G50910	AI1	AT3G16310	AI1	AT1G27300
AT1G01230	7	space1	Immune	AT5G08080	AI1	AT5G41600	AI1	AT3G29270	AI1	AT5G22290	AI1	AT4G35580	AI1	AT4G19030	AI1	AT1G27300
AT1G22840	7	space1	Immune	AT3G49570	AI1	AT5G61010	AI1	AT4G32190	AI1	AT4G17680	AI1	AT4G08150	AI1	AT4G01920	AI1	AT1G22920
AT5G42980	6	space1	Immune	AT1G63430	AI1	AT4G19700	LCI	AT3G01500	Immune	HARXL68	Immune	AT5G45100	LCI	AT2G42580
AT5G66560	6	space1	Immune	AT5G01890	Immune	AT1G62950	Immune	AT4G20790	Immune	ATR13_group	AI1	AT5G66720	AI1	AT1G03140
AT5G37670	6	space1	Immune	AT4G04020	Immune	AT1G34420	AI1	AT5G11450	AI1	AT4G02770	AI1	AT1G13520	AI1	AT2G01760
AT5G63350	6	space1	Immune	AT4G02550	Immune	AT3G49570	AI1	AT4G39050	AI1	AT3G02150	AI1	AT1G80650	AI1	AT1G15750
AT3G51720	6	space1	Immune	AT5G67200	Immune	AT5G10020	Immune	AT1G25320	Immune	AT2G36570	Immune	AT2G42290	Immune	AT1G67510
AT5G51100	6	space1	Immune	AT3G49570	AI1	AT5G24660	AI1	AT3G49580	AI1	AT3G02150	AI1	AT2G19650	AI1	AT1G69690
AT2G17350	6	space1	Immune	AT1G68400	Immune	AT3G20190	AI1	AT5G65940	AI1	AT4G16143	AI1	AT4G02150	Immune	AT1G48480
AT2G21380	6	space1	Immune	AT1G76850	Immune	HopC1_Pto DC3000	Immune	AT4G09420	AI1	AT2G42260	AI1	AT2G39760	AI1	AT2G35940
AT3G53350	6	space1	Immune	AT1G59218	Immune	HopAG1_Psy B728A	Immune	AT5G45100	AI1	AT3G53350	AI1	AT3G53350	AI1	AT3G23340
AT3G09980	6	space1	Immune	AT1G34420	Immune	HARXLL516_WACO9	AI1	AT3G09980	AI1	AT3G09980	AI1	AT3G01180	AI1	AT1G59520
AT5G15800	6	space1	Immune	AT1G11130	AI1	AT4G17486	AI1	AT4G03150	AI1	AT4G02150	LCI	AT1G69120	AI1_LCI	AT2G45660
AT1G34430	6	space1	Immune	AT1G06460	AI1	AT5G55220	AI1	AT3G17668	AI1	AT2G01760	AI1	AT1G52250	AI1	AT1G02690
AT5G22630	6	space1	Immune	AT1G06460	Immune	HARXLL73_group	AI1	AT5G22630	AI1	AT5G22630	AI1	AT3G44720	AI1	AT1G02690
AT4G02080	6	space1	AI1	AT4G25680	AI1	AT4G25660	Immune_AI1	AT3G13720	AI1	AT1G22920	AI1	AT1G14340	AI1	AT1G47260
AT5G49000	6	space1	Immune	HARXLL470_WACO9	AI1	AT3G13720	Immune_AI1	AT1G55190	AI1	AT1G14340	Immune_AI1	AT5G42190	Immune_AI1	AT1G75950
AT5G05760	6	space1	Immune	AT5G08080	AI1	AT5G66480	AI1	AT4G19030	AI1	AT3G50910	AI1	AT1G27300	AI1	AT3G60600
AT4G28720	6	space1	AI1	AT1G78100	Immune	AT5G08080	AI1	AT5G22290	AI1	AT4G35580	AI1	AT4G19030	AI1	AT1G27300
AT3G25882	6	space1	AI1	AT4G16143	AI1	AT3G06720	AI1	AT1G09270	AI1	AT1G22920	AI1	AT1G15750	Immune_AI1_LCI	AT1G64280
AT4G14950	6	space1	Immune	AT5G08080	AI1	AT5G22290	AI1	AT4G19030	AI1	AT3G16310	AI1	AT1G27300	AI1	AT3G60600
AT4G14455	6	space1	Immune	AT5G08080	AI1	AT5G22290	AI1	AT4G35580	AI1	AT4G19030	AI1	AT3G16310	AI1	AT1G27300
AT4G10430	6	space1	Immune	AT5G08080	AI1	AT5G22290	AI1	AT4G35580	AI1	AT4G19030	AI1	AT3G16310	AI1	AT1G27300
AT3G61310	6	space1	Immune	AT4G04020	AI1	AT4G22240	AI1	AT3G61310	AI1	AT3G61310	AI1	AT2G34090	AI1	AT1G52250
AT3G29034	6	space1	Immune	AT5G08080	AI1	AT5G41600	AI1	AT5G22290	AI1	AT4G26450	AI1	AT4G19030	AI1	AT3G60600
AT2G47770	6	space1	Immune	AT5G08080	AI1	AT5G22290	AI1	AT4G35580	AI1	AT4G26450	AI1	AT4G19030	AI1	AT3G60600
AT2G23420	6	space1	Immune	HARXLL437	Immune	ATR1_group	Immune	ATR13_group	AI1	AT3G16250	AI1	AT4G32750	AI1	AT3G54020
AT1G71050	6	space1	Immune	AT3G13720	AI1	AT3G29270	AI1	AT5G58720	AI1	AT5G50010	AI1	AT3G54390	AI1	AT3G49160
AT5G41070	6	space1	AI1	AT3G20420	AI1	AT3G27960	Immune	AT3G07780	AI1	AT3G06430	LCI	AT5G41070	LCI	AT5G41070
AT3G43520	6	space1	Immune	AT5G08080	AI1	AT5G22290	AI1	AT4G35580	AI1	AT4G26450	AI1	AT3G16310	AI1	AT1G27300
AT2G30590	6	space1	Immune	AT3G07780	AI1	AT3G24140	AI1	AT5G61010	AI1	AT3G61150	AI1	AT4G08150	AI1	AT3G27960
AT1G77400	6	space1	Immune	AT3G49570	Immune	AT3G07780	AI1	AT5G24660	AI1	AT3G49580	AI1	AT3G48150	AI1	AT3G27960
AT3G21175	6	space1	Immune	AT5G10020	AI1	AT4G10840	AI1	AT3G49580	AI1	AT3G21175	AI1	AT3G21175	AI1	AT1G51600
AT1G67170	6	space1	Immune	HARXLL470_WACO9	AI1	AT3G51180	AI1	AT5G64430	AI1	AT4G32570	AI1	AT4G17680	AI1	AT3G17860
AT2G40765	6	space1	AI1	AT4G25660	AI1	AT4G19030	AI1	AT3G13720	Immune	AT1G55190	AI1	AT1G27300	AI1	AT1G14340
AT1G71480	6	space1	AI1	AT4G25660	AI1	AT3G13720	Immune_AI1	AT1G55190	AI1	AT1G54060	AI1	AT1G14340	AI1	AT1G47260
AT3G07440	6	space1	Immune_AI1	AT3G07780	Immune	AT3G49570	AI1	AT5G24660	AI1	AT4G24840	AI1	AT3G48150	AI1	AT3G08530
AT2G47710	6	space1	Immune_AI1	AT3G11930	AI1	AT3G49160	AI1	AT2G47710	AI1	AT2G47710	AI1	AT2G32840	AI1	AT2G01760
AT2G17670	6	space1	Immune	AT3G07780	AI1	AT4G39050	AI1	AT4G25200	AI1	AT3G54390	AI1	AT3G48150	AI1	AT2G44950
AT2G39960	6	space1	Immune	AT5G08080	AI1	AT5G41600	AI1	AT5G22290	AI1	AT4G35580	AI1	AT4G19030	AI1	AT1G27300
AT1G29120	6	space1	Immune	AT3G49570	AI1	AT5G53060	AI1	AT5G61010	AI1	AT5G24660	AI1	AT3G01670	AI1	AT2G34090
AT1G16790	6	space1	Immune	AT5G08080	AI1	AT5G22290	AI1	AT4G35580	AI1	AT4G26450	AI1	AT4G19030	AI1	AT2G31260
AT1G62880	6	space1	Immune	AT5G08080	AI1	AT5G22290	AI1	AT4G19030	AI1	AT3G60600	AI1	AT3G16310	AI1	AT1G27300
AT1G04240	6	space1	Immune	AT2G22670	AI1_LCI	AT4G14560	AI1	AT3G15660	AI1	AT4G28640	AI1	AT2G38270	AI1	AT1G51950
AT1G50430	6	space1	Immune	AT5G08080	AI1	AT5G22290	AI1	AT4G35580	AI1	AT4G26450	AI1	AT4G19030	AI1	AT1G27300
AT1G33800	6	space1	Immune	AT5G08080	AI1	AT5G22290	AI1	AT4G26450	AI1	AT4G19030	AI1	AT3G16310	AI1	AT1G27300
AT1G03040	6	space1	Immune	AT4G09420	AI1	AT5G11980	AI1	AT4G02590	AI1	AT2G42870	AI1	AT1G53800	AI1	AT1G31050
AT1G26660	6	space1	Immune	AT1G34420	AI1	AT4G02150	AI1	AT3G06720	AI1	AT1G29990	AI1	AT1G26660	AI1	AT1G26660
AT1G09180	6	space1	Immune	AT3G13720	Immune	AT1G55190	AI1	AT4G25680	AI1	AT4G25660	AI1	AT1G47260	AI1	AT1G14340
AT1G52830	6	space1	AI1	AT1G04100	Immune	AT2G22670	AI1	AT4G14560	AI1	AT4G29080	LCI	AT1G52830	LCI	AT1G52830
AT4G30940	5	space1	Immune	AT4G22130	Immune	AT1G78980	Immune	AT1G53730	AI1	AT4G02150	AI1	AT3G06720
AT1G69120	5	space1	Immune	AT1G17750	AI1_LCI	AT2G45660	LCI	AT1G69120	LCI	AT1G69120	LCI	AT5G15800
AT5G24130	5	space1	Immune	AT5G08080	AI1	AT5G22290	AI1	AT4G35580	AI1	AT4G26450	AI1	AT3G29270
AT5G16150	5	space1	Immune	AT5G08080	AI1	AT5G22290	AI1	AT4G19030	AI1	AT1G27300	AI1	AT3G60600
AT4G32520	5	space1	Immune	AT4G26540	AI1	AT4G32520	AI1	AT4G32520	AI1	AT3G15660	AI1	AT3G06720
AT5G20720	5	space1	Immune	AT1G66830	Immune	AT5G67200	AI1	AT3G15420	AI1	AT3G06720	AI1	AT1G02690
AT5G56950	5	space1	Immune	AT4G09420	Immune	HARXLL513	Immune	HARXL79	Immune	HARXLL73_group	AI1	AT4G26110
AT5G16080	5	space1	Immune	AT4G02550	AI1	AT4G01090	AI1	AT4G00980	AI1	AT3G54230	AI1	AT3G08530
AT4G23050	5	space1	Immune	AT3G53970	Immune	AT3G28040	AI1	AT2G04030	Immune	AT5G01890	AI1	AT1G67800
AT5G54580	5	space1	Immune	AT3G49570	AI1	AT2G24590	AI1	AT5G53060	AI1	AT3G49580	AI1	AT1G09660
AT3G61920	5	space1	Immune	AT3G49570	AI1	AT4G22250	AI1	AT3G48550	AI1	AT3G47620	AI1	AT3G02150
AT3G60200	5	space1	Immune	AT3G49570	AI1	AT5G24660	AI1	AT4G39050	AI1	AT3G50910	AI1	AT3G27960
AT3G06530	5	space1	Immune	AT3G03800	AI1	AT5G57910	AI1	AT3G25710	AI1	AT2G41350	AI1	AT2G44950
AT4G29080	5	space1	Immune	AT1G76850	AI1	AT1G15750	AI1	AT4G14560	AI1	AT4G28640	AI1	AT1G52830
AT2G41730	5	space1	Immune	AT1G76850	AI1	AT3G47620	AI1	AT3G08530	AI1	AT1G69690	AI1	AT1G22920
AT4G10470	5	space1	Immune	AT1G51790	Immune	AT1G06460	AI1	AT2G25730	AI1	AT1G49850	AI1	AT3G29160
AT4G01480	5	space1	Immune	AT1G34420	AI1	AT5G65683	AI1	AT2G32840	AI1	AT1G01050	AI1	AT1G73500
AT3G55460	5	space1	Immune	AT1G34420	AI1_LCI	AT3G55460	AI1_LCI	AT3G55460	AI1	AT1G71020	AI1	AT1G60650
AT4G00120	5	space1	Immune	AT1G34420	Immune	AT1G11130	AI1	AT2G42870	AI1	AT2G38270	AI1	AT2G32840
AT4G15545	5	space1	Immune	AT1G34420	Immune	HARXLL516_WACO9	AI1	AT4G35110	AI1	AT3G47620	AI1	AT2G44950
AT3G61790	5	space1	Immune	AT1G34420	Immune	ATR13_group	AI1	AT5G63370	AI1	AT1G54060	AI1	AT1G01440
AT3G46810	5	space1	Immune	AT1G11130	AI1	AT5G14600	AI1	AT2G19650	AI1	AT1G49850	Immune	AT3G25070
AT5G58750	5	space1	AI1	AT4G25660	Immune_AI1	AT3G13720	AI1	AT3G11730	Immune	AT1G55190	AI1	AT1G14340
AT5G47310	5	space1	AI1	AT4G25660	Immune_AI1	AT3G13720	AI1	AT3G02150	Immune_AI1	AT1G55190	AI1	AT1G14340
AT5G47200	5	space1	AI1	AT4G25660	AI1	AT5G22290	Immune	AT3G13720	Immune	AT1G55190	AI1	AT1G67860
AT5G20030	5	space1	Immune	HopBF1_Pla 107	AI1	AT4G24840	AI1	AT4G11890	AI1	AT1G15570	AI1	AT3G11590
AT4G32750	5	space1	Immune	AT5G08080	AI1	AT5G22290	AI1	AT4G35580	AI1	AT2G23420	AI1	AT1G75630
AT4G32140	5	space1	Immune	AT5G08080	AI1	AT5G22290	AI1	AT4G19030	AI1	AT1G27300	AI1	AT3G60600
AT1G78100	5	space1	Immune_LCI	AT5G42190	AI1	AT5G61340	AI1	AT4G35580	AI1	AT4G28720	Immune_LCI	AT1G75950
AT4G28040	5	space1	Immune	AT5G08080	AI1	AT5G22290	AI1	AT4G35580	AI1	AT4G19030	AI1	AT1G27300
AT4G26110	5	space1	Immune	HARXL79	Immune	HARXLL73_group	AI1	AT5G56950	AI1	AT4G26110	AI1	AT4G26110
AT4G01430	5	space1	Immune	AT5G08080	AI1	AT5G22290	AI1	AT4G35580	AI1	AT4G19030	AI1	AT1G27300
AT3G60590	5	space1	Immune	AT5G08080	AI1	AT5G41600	AI1	AT5G66480	AI1	AT5G22290	AI1	AT3G60600
AT3G12930	5	space1	Immune	AT3G49570	AI1	AT4G17680	AI1	AT4G08150	AI1	AT4G02590	AI1	AT3G56270
AT3G45210	5	space1	AI1	AT3G48150	AI1	AT3G27960	Immune	AT3G07780	AI1	AT3G08530	AI1	AT1G22920
AT3G01370	5	space1	Immune	AT3G49570	AI1	AT5G61010	AI1	AT4G39050	AI1	AT3G49580	AI1	AT3G48150
AT1G71970	5	space1	Immune	AT3G49570	AI1	AT4G39050	AI1	AT3G49580	AI1	AT3G48150	AI1	AT3G27960
AT2G30120	5	space1	Immune	AT4G04020	AI1	AT4G08150	AI1	AT3G54170	AI1	AT3G48550	AI1	AT3G25710
AT3G25220	5	space1	Immune	AT5G08080	AI1	AT5G22290	AI1	AT4G19030	AI1	AT3G16310	AI1	AT1G27300
AT3G22570	5	space1	Immune	AT5G08080	AI1	AT5G22290	AI1	AT4G26450	AI1	AT4G19030	AI1	AT1G27300
AT1G07840	5	space1	Immune_AI1	AT3G13720	Immune	AT1G55190	AI1	AT4G25660	AI1	AT4G32190	AI1	AT3G22440
AT3G20510	5	space1	Immune	AT5G08080	AI1	AT5G22290	AI1	AT3G60600	AI1	AT3G50910	AI1	AT3G16310
AT3G20680	5	space1	Immune	AT3G49570	AI1	AT4G25680	AI1	AT4G25660	Immune	AT3G13720	AI1	AT2G34090
AT2G02990	5	space1	Immune	AT5G08080	AI1	AT5G22290	AI1	AT4G19030	AI1	AT3G60600	AI1	AT3G16310
AT3G07480	5	space1	Immune	AT3G49570	AI1	AT5G61010	AI1	AT3G49580	AI1	AT3G27960	AI1	AT1G47260
AT1G79430	5	space1	Immune	HARXLL470_WACO9	Immune	AT3G03800	AI1	AT5G11980	AI1	AT3G47620	AI1	AT3G02150
AT1G17970	5	space1	Immune	HARXL44	Immune	HARXLL470_WACO9	AI1	AT3G54390	AI1	AT3G09630	AI1	AT3G02150
AT2G43510	5	space1	Immune	AT5G08080	AI1	AT5G22290	AI1	AT3G60600	AI1	AT3G16310	AI1	AT1G27300
AT5G65210	5	space1	AI1	AT2G38300	Immune	HARXLL512	LCI	AT5G65210	LCI	AT5G65210	LCI	AT1G64280
AT1G59520	5	space1	AI1	AT5G13810	AI1	AT3G13720	AI1	AT3G09980	AI1	AT2G35940	Immune	AT1G55190
AT2G34720	5	space1	Immune	AT3G49570	AI1	AT4G19700	AI1	AT3G49580	AI1	AT3G08530	AI1	AT2G19650
AT2G33390	5	space1	Immune	AT4G02550	AI1	AT4G25660	AI1	AT5G22290	AI1	AT3G47620	AI1	AT1G14340
AT1G27700	5	space1	Immune	AT5G08080	AI1	AT5G41600	AI1	AT5G22290	AI1	AT4G19030	AI1	AT2G31260
AT2G30390	5	space1	Immune	AT5G08080	AI1	AT5G22290	AI1	AT4G35580	AI1	AT4G19030	AI1	AT1G27300
AT2G24570	5	space1	Immune_AI1	AT4G04020	Immune_AI1	AT3G07780	AI1	AT5G13810	AI1	AT4G19700	AI1	AT1G31880
AT1G73190	5	space1	Immune	AT5G08080	AI1	AT5G22290	AI1	AT4G19030	AI1	AT3G16310	AI1	AT1G27300
AT1G67800	5	space1	Immune	AT1G76850	AI1	AT4G23050	AI1	AT3G13222	AI1	AT1G69690	AI1	AT1G22920
AT1G48140	5	space1	Immune	AT5G08080	AI1	AT5G22290	AI1	AT4G19030	AI1	AT3G60600	AI1	AT1G27300
AT1G32580	5	space1	Immune	AT3G49570	AI1	AT5G55100	AI1	AT3G49580	AI1	AT3G48150	AI1	AT1G06510
AT1G29990	5	space1	Immune	HOPAO1_group	Immune	avrPto_group	Immune	AT3G48090	AI1	AT3G25710	AI1	AT1G26660
AT1G12390	5	space1	Immune	AT5G08080	AI1	AT5G22290	AI1	AT4G19030	AI1	AT3G60600	AI1	AT1G27300
AT1G17380	5	space1	AI1	AT1G15750	Immune	AT4G16860	LCI	AT3G17860	LCI	AT1G17380	LCI	AT1G17380
AT1G14687	5	space1	Immune	AT5G10020	AI1	AT3G55150	AI1	AT3G45640	AI1	AT2G22670	AI1	AT1G04100
AT5G43700	5	space1	AI1	AT1G04100	Immune	HOPH1_group	LCI	AT5G43700	LCI	AT5G43700	LCI	AT4G14560
AT2G27990	5	space1	Immune	AT3G49570	AI1	AT5G24660	AI1	AT3G49580	AI1	AT3G27960	LCI	AT4G08150
AT1G73500	5	space1	Immune	AT1G76850	AI1	AT4G01480	AI1	AT3G02150	AI1	AT3G01180	LCI	AT2G43790
AT5G39510	4	space1	Immune	AT5G08080	AI1	AT5G22290	AI1	AT4G26450	AI1	AT1G27300
AT5G19750	4	space1	Immune	AT5G08080	AI1	AT4G19030	AI1	AT3G16310	AI1	AT1G27300
AT5G55220	4	space1	Immune_AI1	AT4G04020	AI1	AT4G25200	AI1	AT1G34430	AI1	AT1G51950
AT4G13540	4	space1	Immune	AT3G51740	AI1	AT4G13540	AI1	AT4G13540	AI1	AT5G58720
AT4G34740	4	space1	Immune	AT3G49570	AI1	AT3G48150	AI1	AT3G47620	AI1	AT3G02150
AT4G34700	4	space1	Immune	AT3G49570	AI1	AT4G25200	AI1	AT3G49580	AI1	AT3G27960
AT5G11450	4	space1	Immune	AT3G49570	AI1	AT5G37670	AI1	AT3G13720	Immune_AI1	AT3G07780
AT4G30780	4	space1	Immune	AT3G42880	Immune	AT1G68400	AI1	AT3G55240	Immune	AT3G17840
AT5G28770	4	space1	Immune	AT3G03800	AI1	AT1G22920	LCI	AT5G28770	LCI	AT5G28770
AT3G01500	4	space1	Immune	AT2G28960	Immune	AT5G07280	Immune	HARXLL470_WACO9	LCI	AT5G42980
AT2G37560	4	space1	Immune	AT2G24130	AI1	AT5G24660	LCI	AT2G37560	LCI	AT2G37560
AT3G55240	4	space1	Immune	AT1G76850	AI1	AT4G30780	AI1	AT5G51110	AI1	AT1G22920
AT2G20570	4	space1	Immune	AT1G52200	Immune	AT4G23470	AI1	AT1G13520	AI1	AT1G28360
AT5G58220	4	space1	Immune	AT1G34420	AI1	AT5G58220	AI1	AT5G58220	Immune_LCI	AT4G39400
AT3G19895	4	space1	Immune	AT1G34420	AI1	AT4G02150	AI1	AT3G06720	AI1	AT2G01760
AT2G37020	4	space1	Immune	AT1G34420	AI1	AT2G37020	AI1	AT2G37020	AI1	AT2G01760
AT5G56250	4	space1	Immune	AT1G12290	Immune	HARXLL470_WACO9	AI1	AT3G06430	AI1	AT1G49850
AT5G64430	4	space1	Immune	AT1G11130	AI1	AT3G51180	AI1	AT1G67170	AI1	AT2G01760
AT3G61150	4	space1	Immune	AT1G06460	AI1	AT4G02770	AI1	AT2G30590	AI1	AT3G10970
AT5G07730	4	space1	AI1	AT5G51010	AI1	AT5G19875	AI1	AT5G41600	Immune	AT1G55190
AT3G50110	4	space1	AI1	AT4G25660	Immune_AI1	AT3G13720	Immune	AT1G55190	AI1	AT1G14340
AT5G06240	4	space1	AI1	AT4G25660	Immune	AT1G55190	AI1	AT1G14340	AI1	AT1G47260
AT5G57210	4	space1	Immune	ATR13_group	Immune	HARXLL470_WACO9	AI1	AT3G55150	AI1	AT1G15570
AT5G55100	4	space1	Immune	ATR1_group	Immune	HARXL21	Immune	HARXLL470_WACO9	AI1	AT1G32580
AT5G19150	4	space1	Immune	AT5G48740	AI1	AT5G19150	AI1	AT5G19150	AI1	AT3G06720
AT5G02150	4	space1	Immune	HARXL73	Immune	ATR13_group	AI1	AT1G04930	AI1	AT3G15160
AT5G67530	4	space1	AI1	AT4G39050	Immune	AT3G07780	AI1	AT1G22920	AI1	AT1G20630
AT2G24290	4	space1	Immune	AT5G08080	AI1	AT5G22290	AI1	AT4G35580	AI1	AT4G26450
AT4G14730	4	space1	Immune	AT5G08080	AI1	AT5G22290	AI1	AT4G35580	AI1	AT4G19030
AT4G03410	4	space1	Immune	AT5G08080	AI1	AT5G22290	AI1	AT4G26450	AI1	AT4G19030
AT3G55600	4	space1	Immune	AT5G08080	AI1	AT5G22290	AI1	AT4G35580	AI1	AT4G19030
AT3G17440	4	space1	Immune	AT5G08080	AI1	AT5G22290	AI1	AT4G35580	AI1	AT4G19030
AT1G44800	4	space1	Immune	AT5G08080	AI1	AT5G22290	AI1	AT4G26450	AI1	AT4G19030
AT4G10840	4	space1	Immune	AT5G67200	AI1	AT3G21175	AI1	AT1G53800	AI1	AT1G31350
AT3G25585	4	space1	Immune	AT5G08080	AI1	AT5G22290	AI1	AT4G19030	AI1	AT3G60600
AT1G48240	4	space1	Immune	AT5G08080	AI1	AT4G35580	AI1	AT4G19030	AI1	AT3G60600
AT3G48160	4	space1	AI1	AT4G25660	AI1	AT3G54390	Immune	AT1G55190	AI1	AT1G47260
AT3G51450	4	space1	Immune	AT5G08080	AI1	AT4G19030	AI1	AT3G16310	AI1	AT1G27300
AT2G35240	4	space1	Immune	AT3G49570	AI1	AT5G13810	AI1	AT4G39050	AI1	AT3G49580
AT2G17880	4	space1	Immune	AT3G49570	AI1	AT4G17680	AI1	AT3G49580	AI1	AT3G48150
AT1G75400	4	space1	Immune	AT3G49570	AI1	AT3G22960	AI1	AT3G49580	AI1	AT3G48150
AT2G02300	4	space1	Immune_AI1	AT5G42190	AI1	AT3G49580	AI1	AT3G47620	Immune	AT1G75950
AT1G07310	4	space1	Immune	AT1G11130	AI1	AT3G51180	AI1	AT5G16560	AI1	AT3G29160
AT3G25190	4	space1	Immune	AT5G08080	AI1	AT4G26450	AI1	AT3G60600	AI1	AT1G27300
AT3G23060	4	space1	Immune_AI1	AT5G45490	Immune	AT4G26540	AI1	AT5G17690	AI1	AT1G15750
AT1G52870	4	space1	Immune	AT5G08080	AI1	AT4G35580	AI1	AT3G60600	AI1	AT3G16310
AT3G11730	4	space1	Immune	AT3G13720	AI1	AT5G58750	Immune	AT1G55190	AI1	AT1G14340
AT3G05625	4	space1	Immune	AT3G49570	AI1	AT3G49580	AI1	AT3G27960	AI1	AT1G14920
AT1G22760	4	space1	Immune	AT3G49570	AI1	AT4G01090	AI1	AT3G49580	AI1	AT3G03950
AT4G10930	4	space1	AI1	AT2G41680	Immune	AT4G36180	AI1	AT4G16143	LCI	AT1G75950
AT3G02690	4	space1	Immune	AT5G08080	AI1	AT4G26450	AI1	AT4G19030	AI1	AT1G27300
AT3G01660	4	space1	Immune_AI1	AT3G13720	AI1	AT5G66480	AI1	AT5G22290	AI1	AT1G14340
AT2G46870	4	space1	Immune	AT3G49570	AI1	AT3G27960	AI1	AT1G31880	AI1	AT1G15750
AT2G45770	4	space1	Immune	AT3G49570	AI1	AT3G48150	AI1	AT3G27960	AI1	AT2G25650
AT2G45070	4	space1	Immune	AT5G08080	AI1	AT5G22290	AI1	AT4G35580	AI1	AT1G27300
AT2G21280	4	space1	Immune	AT1G55190	AI1	AT3G13720	LCI	AT2G21280	LCI	AT2G21280
AT2G26770	4	space1	Immune_AI1	AT3G07780	AI1	AT2G44950	AI1	AT2G26770	AI1	AT2G26770
AT2G22810	4	space1	AI1	AT1G80650	Immune	AT2G35620	LCI	AT2G22810	LCI	AT2G22810
AT1G01050	4	space1	Immune	AT1G12290	AI1	AT5G65683	AI1	AT4G01480	AI1	AT2G01760
AT2G01570	4	space1	Immune	AT3G28040	AI1	AT3G16250	AI1	AT1G53510	AI1	AT1G70700
AT1G51600	4	space1	Immune	AT2G24130	AI1	AT3G29160	AI1	AT3G21175	AI1	AT1G02690
AT1G32540	4	space1	Immune	AT5G08520	Immune	AT1G75690	AI1	AT5G08330	AI1	AT1G28360
AT1G09270	4	space1	Immune	HARXL106_group	AI1	AT3G25882	AI1	AT5G17690	AI1	AT1G31350
AT1G29640	4	space1	Immune	AT3G49570	AI1	AT4G17680	AI1	AT3G48150	AI1	AT1G22920
AT1G21790	4	space1	Immune	AT5G08080	AI1	AT5G22290	AI1	AT3G60600	AI1	AT1G27300
AT1G04330	4	space1	Immune_AI1	AT3G45640	Immune_AI1	AT2G43790	AI1	AT3G47620	AI1	AT1G22920
AT1G68050	4	space1	Immune_AI1_LCI	AT1G75950	AI1_LCI	AT5G42190	LCI	AT1G68050	LCI	AT1G68050
AT4G13000	3	space1	Immune_AI1	AT3G59350	AI1	AT3G17410	AI1	AT2G47060
AT5G65790	3	space1	Immune	AT5G44700	Immune	AT5G01890	AI1	AT2G24860
AT3G07270	3	space1	Immune	AT1G72920	AI1	AT3G07270	AI1	AT3G07270
AT1G80650	3	space1	Immune	AT1G72180	AI1	AT5G63350	AI1	AT2G22810
AT5G56760	3	space1	Immune	AT1G66090	LCI	AT5G56760	LCI	AT5G56760
AT5G10450	3	space1	Immune_AI1	AT1G16010	AI1	AT2G24550	LCI	AT1G37130
AT5G10500	3	space1	Immune	AT5G67200	Immune	AT3G20190	Immune	AT2G36570
AT4G24500	3	space1	Immune	AT5G67200	Immune	AT5G05160	Immune	AT3G20190
AT2G28890	3	space1	Immune	HopA1_Pto DC3000	Immune	AT5G63930	Immune	AT4G09420
AT5G09790	3	space1	Immune_AI1	AT4G04020	AI1	AT4G32960	AI1	AT4G02150
AT4G32960	3	space1	Immune	AT4G02550	AI1	AT5G09790	AI1	AT1G52250
AT1G64180	3	space1	Immune	AT1G25320	AI1	AT1G69810	AI1	AT1G15570
AT5G25220	3	space1	Immune	AT3G49570	AI1	AT2G41350	LCI	AT2G35940
AT4G33520	3	space1	Immune	AT3G49570	AI1	AT3G49580	AI1	AT3G24140
AT4G08460	3	space1	Immune	AT3G49570	AI1	AT5G58720	AI1	AT1G31880
AT3G56290	3	space1	Immune	AT3G49570	AI1	AT4G25200	AI1	AT3G27960
AT4G36970	3	space1	Immune	AT3G49570	Immune	HARXLL470_WACO9	AI1	AT3G49580
AT5G01410	3	space1	Immune	AT3G46710	AI1_LCI	AT5G01410	AI1_LCI	AT5G01410
AT3G46110	3	space1	Immune	AT5G05160	Immune	AT2G36570	Immune	AT1G68400
AT5G03430	3	space1	Immune	AT3G28040	AI1	AT5G03430	AI1	AT5G03430
AT3G53540	3	space1	Immune	AT2G36570	Immune	AT5G43020	AI1	AT1G24764
AT5G63370	3	space1	Immune	AT1G76850	AI1	AT3G61790	AI1	AT3G47620
AT4G00780	3	space1	Immune	AT1G76850	AI1	AT1G67860	AI1	AT1G22920
AT3G26030	3	space1	Immune	AT1G76850	AI1	AT3G10140	AI1	AT2G24550
AT2G30920	3	space1	Immune	AT1G76850	AI1	AT3G56270	AI1	AT3G27960
AT2G30540	3	space1	Immune	AT1G76850	AI1	AT4G32570	AI1	AT3G27960
AT3G29090	3	space1	Immune_AI1	AT1G51660	AI1	AT3G29090	AI1	AT3G29090
AT4G04330	3	space1	Immune	AT1G34420	AI1	AT1G02690	AI1	AT2G01760
AT1G68060	3	space1	Immune	AT1G34420	AI1	AT5G61010	AI1	AT4G17220
AT2G25650	3	space1	Immune	AT1G34420	Immune	HARXL45_group	AI1	AT2G45770
AT5G38600	3	space1	Immune	AT1G11130	AI1	AT2G39100	AI1	AT2G32840
AT4G27610	3	space1	Immune	AT1G11130	AI1	AT4G25660	AI1	AT3G15660
AT2G41370	3	space1	Immune	AT1G11130	AI1	AT5G38420	AI1	AT3G51180
AT4G09830	3	space1	Immune	AT1G06460	AI1	AT4G09830	AI1	AT4G09830
AT3G53180	3	space1	AI1	AT4G25660	Immune	AT3G13720	AI1	AT1G14340
AT5G16880	3	space1	AI1	AT5G37890	Immune_AI1	AT3G13720	AI1	AT1G47260
AT5G57300	3	space1	AI1	AT4G25660	Immune	AT1G55190	AI1	AT1G14340
AT5G12010	3	space1	AI1	AT4G25660	Immune	AT1G55190	AI1	AT1G47260
AT3G10140	3	space1	Immune	AT3G49570	AI1	AT3G26030	AI1	AT5G24660
AT1G18400	3	space1	Immune	HARXL16	Immune	AT1G59780	AI1	AT5G16560
AT4G39753	3	space1	Immune_AI1	AT5G42190	AI1	AT1G20140	Immune	AT1G75950
AT1G71020	3	space1	Immune	AT5G37450	AI1	AT3G55460	AI1	AT4G39050
AT3G28080	3	space1	Immune	AT5G08080	AI1	AT5G22290	AI1	AT4G35580
AT2G36900	3	space1	Immune	AT5G08080	AI1	AT5G22290	AI1	AT4G35580
AT1G77380	3	space1	Immune	AT5G08080	AI1	AT5G22290	AI1	AT4G35580
AT3G20260	3	space1	Immune	AT4G02550	AI1	AT5G37890	AI1	AT4G35110
AT4G34190	3	space1	Immune	AT5G08080	AI1	AT4G35580	AI1	AT4G19030
AT1G70660	3	space1	Immune	AT5G08080	AI1	AT3G29270	AI1	AT4G19030
AT1G25275	3	space1	Immune	AT5G08080	AI1	AT5G22290	AI1	AT4G19030
AT1G12240	3	space1	Immune	AT5G08080	AI1	AT5G22290	AI1	AT4G19030
AT4G17710	3	space1	Immune	avrB_group	AI1	AT3G11590	AI1	AT3G02150
AT4G03150	3	space1	Immune	AT5G45100	AI1	AT5G15800	AI1	AT3G48150
AT1G18720	3	space1	Immune	AT5G08080	AI1	AT5G22290	AI1	AT3G60600
AT2G33210	3	space1	Immune	AT3G49570	AI1	AT4G19700	AI1	AT3G49580
AT1G03250	3	space1	Immune	AT2G24130	AI1	AT4G25200	AI1	AT3G49580
AT3G15420	3	space1	Immune	AT3G23750	AI1	AT5G20720	AI1	AT3G49160
AT3G48880	3	space1	Immune_AI1	AT5G42190	AI1	AT1G20140	Immune_AI1	AT1G75950
AT3G13310	3	space1	Immune	AT3G49570	AI1	AT3G49580	AI1	AT3G48150
AT3G06790	3	space1	Immune	AT3G49570	AI1	AT3G49580	AI1	AT3G48150
AT2G39250	3	space1	Immune	AT3G49570	AI1	AT5G13810	AI1	AT3G47620
AT3G42725	3	space1	Immune	AT5G08080	AI1	AT4G19030	AI1	AT1G27300
AT3G18280	3	space1	Immune	AT5G08080	AI1	AT5G22290	AI1	AT1G27300
AT3G15430	3	space1	Immune_AI1	AT5G42190	AI1	AT1G20140	AI1	AT1G75950
AT3G23280	3	space1	Immune	AT3G13720	Immune	AT1G55190	AI1	AT1G22920
AT3G07670	3	space1	Immune_AI1	AT3G13720	Immune	AT1G55190	AI1	AT1G14340
AT2G34710	3	space1	Immune	HARXL45_group	AI1	AT3G51180	AI1	AT2G38300
AT2G36145	3	space1	Immune	AT4G02550	AI1	AT3G54390	AI1	AT1G60650
AT2G31260	3	space1	AI1	AT1G27700	Immune	HARXLL60	AI1	AT1G16790
AT2G31040	3	space1	Immune	AT5G08080	AI1	AT3G50910	AI1	AT1G27300
AT1G07160	3	space1	Immune	AT4G01370	Immune	AT2G43790	AI1	AT2G04800
AT2G01175	3	space1	Immune	AT5G08080	AI1	AT5G22290	AI1	AT1G27300
AT1G60670	3	space1	Immune	AT5G08520	AI1	AT4G17680	AI1	AT1G14920
AT1G32380	3	space1	Immune_AI1	AT1G51660	AI1	AT2G01760	AI1	AT1G25490
AT1G26740	3	space1	Immune	AT3G49570	AI1	AT3G49580	AI1	AT1G22920
AT1G32230	3	space1	AI1	AT1G18660	Immune	HARXL106_group	LCI	AT4G28640
AT4G08980	3	space1	AI1_LCI	AT5G42190	LCI	AT1G20140	Immune_LCI	AT1G75950
AT1G20630	3	space1	Immune	AT3G49570	AI1	AT5G67530	LCI	AT5G56290
AT3G26000	3	space1	LCI	AT5G42190	LCI	AT1G20140	Immune_LCI	AT1G75950
AT5G67140	3	space1	Immune_AI1	AT5G42190	AI1	AT1G20140	Immune	AT1G75950
AT2G25490	3	space1	Immune_AI1_LCI	AT5G42190	AI1	AT5G49210	LCI	AT1G75950
AT2G01620	3	space1	Immune_LCI	AT5G42190	LCI	AT1G20140	Immune_AI1_LCI	AT1G75950
AT1G06110	3	space1	Immune_AI1_LCI	AT5G42190	AI1_LCI	AT1G20140	LCI	AT1G75950
AT2G02870	2	space1	Immune_AI1_LCI	AT5G42190	Immune_AI1_LCI	AT1G75950
AT1G55000	2	space1	Immune_AI1_LCI	AT5G42190	Immune_AI1_LCI	AT1G75950
AT5G03970	2	space1	Immune_AI1	AT5G42190	Immune_AI1	AT1G75950
AT4G39240	2	space1	Immune_AI1	AT5G42190	Immune_AI1	AT1G75950
AT2G02360	2	space1	Immune_AI1_LCI	AT5G42190	Immune_AI1	AT1G75950
AT1G26930	2	space1	Immune_AI1	AT5G42190	Immune_AI1	AT1G75950
AT4G37460	2	space1	Immune_AI1	AT4G23570	AI1	AT4G11260
AT3G59940	2	space1	Immune_LCI	AT5G42190	Immune_AI1_LCI	AT1G75950
AT3G10250	2	space1	Immune	HARXLL512	Immune	HARXLL464
AT5G19480	2	space1	Immune	HARXL44	Immune	HARXLL470_WACO9
AT5G54190	2	space1	Immune	AT5G08080	AI1	AT3G01670
AT5G61210	2	space1	Immune	AT5G08080	Immune	AT3G03800
AT2G30530	2	space1	Immune	AT1G58400	AI1	AT3G47620
AT3G15640	2	space1	Immune	AT1G52660	AI1	AT3G02150
AT4G11100	2	space1	Immune	AT3G50230	Immune	AT2G36570
AT4G15140	2	space1	Immune	HARXLL470_WACO9	Immune	AT3G56100
AT4G26640	2	space1	Immune	AT4G04020	AI1	AT1G31880
AT5G55190	2	space1	Immune	AT4G02550	AI1	AT2G42790
AT3G63060	2	space1	Immune	AT5G42190	Immune	AT1G75950
AT3G58930	2	space1	Immune_AI1	AT5G42190	Immune	AT1G75950
AT5G23130	2	space1	Immune	AT3G49570	AI1	AT3G49580
AT3G23880	2	space1	Immune_AI1	AT5G42190	Immune	AT1G75950
AT3G16580	2	space1	Immune_AI1	AT5G42190	Immune	AT1G75950
AT2G44130	2	space1	Immune_AI1	AT5G42190	Immune	AT1G75950
AT2G38750	2	space1	Immune	HARXL45_group	Immune	AT1G34420
AT4G28020	2	space1	Immune	AT1G51800	Immune_AI1	AT1G75690
AT2G16710	2	space1	Immune_AI1	AT1G76850	AI1	AT3G15660
AT1G21410	2	space1	Immune_AI1	AT5G42190	Immune	AT1G75950
AT1G16250	2	space1	Immune_AI1	AT5G42190	Immune	AT1G75950
AT1G14330	2	space1	Immune_AI1	AT5G42190	Immune	AT1G75950
AT1G72880	2	space1	Immune	AT2G42290	Immune	AT1G67510
AT3G59470	2	space1	Immune	AT1G34420	AI1	AT1G02690
AT2G24590	2	space1	Immune	AT1G34420	AI1	AT5G54580
AT3G18680	2	space1	Immune	AT1G34420	Immune	AT1G06460
AT5G25070	2	space1	Immune	HARXLL446	AI1	AT5G57910
AT3G17410	2	space1	Immune	avrB_group	AI1	AT4G13000
AT2G47060	2	space1	Immune	avrB_group	AI1	AT4G13000
AT1G67090	2	space1	Immune	AT1G06460	AI1	AT1G01440
AT4G31430	2	space1	AI1	AT4G33350	Immune	AT3G13720
AT5G15080	2	space1	AI1	AT5G61010	Immune	AT3G07780
AT5G14600	2	space1	AI1	AT3G46810	Immune	AT4G01370
AT5G50010	2	space1	Immune	HARXLL60	AI1	AT1G71050
AT5G27860	2	space1	Immune	HARXL44	AI1	AT2G01760
AT3G07310	2	space1	Immune	AT4G02550	AI1	AT5G24660
AT5G23340	2	space1	Immune_AI1	AT5G42190	AI1	AT1G75950
AT1G74520	2	space1	Immune	AT5G08080	AI1	AT5G22290
AT5G19990	2	space1	Immune	HopBF1_Pla 107	AI1	AT5G19960
AT5G14390	2	space1	Immune	HARXL68	AI1	AT3G22960
AT5G02050	2	space1	Immune	HARXL89	AI1	AT4G25200
AT4G36540	2	space1	Immune	HopP1_Pto DC3000	AI1	AT2G42870
AT4G34120	2	space1	Immune	HOPR1_group	AI1	AT2G41680
AT1G25420	2	space1	Immune	AT5G45100	AI1	AT4G32190
AT1G15720	2	space1	Immune	AT1G59780	AI1	AT4G32190
AT5G04470	2	space1	AI1	AT4G25200	Immune	AT3G07780
AT2G04030	2	space1	Immune	AT5G07280	AI1	AT4G23050
AT3G05935	2	space1	Immune_AI1	AT3G07780	AI1	AT4G22250
AT4G14160	2	space1	Immune	AT5G08080	AI1	AT4G19030
AT1G45145	2	space1	Immune	HARXL68	AI1	AT4G19700
AT1G15200	2	space1	Immune	AT3G49570	AI1	AT4G17220
AT4G10400	2	space1	Immune_AI1	AT5G42190	AI1	AT1G20140
AT3G59200	2	space1	Immune_AI1	AT5G42190	AI1	AT1G31880
AT1G02680	2	space1	Immune	AT1G76850	AI1	AT3G54390
AT1G16610	2	space1	Immune	AT3G13720	AI1	AT3G54230
AT3G53410	2	space1	Immune	avrPto_group	AI1	AT1G22920
AT3G23340	2	space1	Immune	AT4G39270	AI1	AT3G53350
AT5G13280	2	space1	AI1	AT3G15660	Immune_AI1	AT3G45640
AT3G08740	2	space1	Immune	AT3G49570	AI1	AT3G49580
AT1G11430	2	space1	Immune	AT3G49570	AI1	AT3G49580
AT1G24050	2	space1	Immune	HOPAO1_group	AI1	AT3G48150
AT1G15260	2	space1	Immune_AI1	AT3G13720	AI1	AT3G48150
AT2G44090	2	space1	Immune_AI1	AT5G42190	AI1	AT3G47620
AT3G22550	2	space1	Immune	AT3G49570	AI1	AT3G06430
AT3G19860	2	space1	Immune	AT5G04720	AI1	AT3G13222
AT4G21720	2	space1	Immune	AT3G13720	AI1	AT1G31880
AT1G03457	2	space1	Immune	AT3G49570	AI1	AT3G13222
AT1G13030	2	space1	Immune	HARXLL470_WACO9	AI1	AT3G06720
AT3G03950	2	space1	Immune	AT5G45780	AI1	AT1G22760
AT1G31750	2	space1	Immune	AT5G45350	AI1	AT2G01760
AT2G01250	2	space1	Immune_AI1	AT3G07780	AI1	AT1G30860
AT1G57790	2	space1	Immune	AT1G75950	AI1	AT1G20140
AT1G23390	2	space1	Immune_AI1	AT5G42190	AI1	AT1G22920
AT1G02450	2	space1	Immune_AI1_LCI	AT1G64280	AI1	AT1G22920
AT1G21840	2	space1	Immune	AT5G06820	AI1	AT1G18660
AT1G18040	2	space1	Immune_AI1	AT4G04020	AI1	AT1G02690
AT1G37130	2	space1	Immune	AT3G20190	LCI	AT5G10450
AT5G67250	2	space1	Immune_AI1_LCI	AT5G42190	Immune_AI1_LCI	AT1G75950
AT5G52120	2	space1	Immune_AI1_LCI	AT5G42190	Immune_LCI	AT1G75950
AT5G52880	2	space1	Immune_AI1	AT5G42190	Immune	AT1G75950
AT5G50450	2	space1	Immune_AI1	AT5G42190	Immune	AT1G75950
AT5G46170	2	space1	Immune_AI1	AT5G42190	Immune	AT1G75950
AT5G43190	2	space1	Immune_AI1	AT5G42190	Immune	AT1G75950
AT2G04550	2	space1	LCI	AT5G42190	Immune_AI1_LCI	AT1G75950
AT4G00710	2	space1	Immune	AVRRPT2_group	LCI	AT4G39400
AT4G26070	2	space1	Immune_LCI	AT4G08500	Immune_LCI	AT4G01370
AT5G39450	2	space1	AI1	AT1G20140	Immune	AT1G75950
AT5G03290	1	space1	Immune_AI1	AT4G35260
AT2G24250	1	space1	Immune_AI1	AT5G42190
AT1G76900	1	space1	Immune_AI1	AT5G42190
AT1G30200	1	space1	Immune_AI1	AT5G42190
AT4G38800	1	space1	Immune	HOPAF1_group
AT4G11070	1	space1	Immune	AvrRps4_Pph 1448A
AT4G04720	1	space1	Immune	AT3G57830
AT5G40590	1	space1	Immune	AT5G43020
AT3G57720	1	space1	Immune	HOPAB_group
AT4G26100	1	space1	Immune	AT4G39270
AT3G46940	1	space1	Immune	HOPR1_group
AT2G46420	1	space1	Immune	HARXLL464
AT2G34970	1	space1	Immune	HARXLL429
AT2G22480	1	space1	Immune	HARXLCRN15
AT5G56010	1	space1	Immune	AT2G17660
AT5G06570	1	space1	Immune	AT1G72180
AT3G22220	1	space1	Immune	AT1G56120
AT1G68500	1	space1	Immune	AT1G56540
AT3G53760	1	space1	Immune	AT1G29750
AT3G10620	1	space1	Immune	AT1G29750
AT5G16940	1	space1	Immune	HopO1-2_Pto DC3000
AT5G20000	1	space1	Immune	HopBF1_Pla 107
AT5G61390	1	space1	Immune	HARXLL516_WACO9
AT1G69370	1	space1	Immune	HARXLL516_WACO9
AT1G50420	1	space1	Immune	HARXL10_WACO9
AT3G61200	1	space1	Immune	ATR1_group
AT5G52750	1	space1	Immune	ATR13_group
AT4G34710	1	space1	Immune	ATR13_group
AT5G57280	1	space1	Immune	AT5G62230
AT5G52840	1	space1	Immune	AT5G67200
AT3G29035	1	space1	Immune	AT5G67200
AT5G44110	1	space1	Immune	AT5G58430
AT1G18740	1	space1	Immune	AT5G58430
AT5G12230	1	space1	Immune	HARXL44
AT4G16380	1	space1	Immune	HARXL44
AT3G21490	1	space1	Immune	HARXL44
AT1G70780	1	space1	Immune	AT1G16010
AT5G66200	1	space1	Immune	HARXL14
AT1G03960	1	space1	Immune	HARXLL73_group
AT3G11720	1	space1	Immune	HOPM1_group
AT2G44010	1	space1	Immune	HARXLL445_group
AT2G27480	1	space1	Immune	HARXLL445_group
AT3G08710	1	space1	Immune	AT1G63430
AT2G04230	1	space1	Immune	AT5G42190
AT3G15060	1	space1	Immune	AT5G08080
AT1G80230	1	space1	Immune	AT1G52660
AT5G14910	1	space1	Immune	AT1G66830
AT4G33030	1	space1	Immune	AT1G66830
AT3G05020	1	space1	Immune	AT4G09420
AT2G19080	1	space1	Immune	AT4G09420
AT1G77180	1	space1	Immune	AT4G09420
AT1G74070	1	space1	Immune	AT4G04020
AT1G52720	1	space1	Immune	AT4G04020
AT1G51400	1	space1	Immune	AT4G02550
AT5G20010	1	space1	Immune	AT4G02550
AT5G15170	1	space1	Immune	AT4G02550
AT3G22110	1	space1	Immune	AT3G49570
AT2G31890	1	space1	Immune	AT3G49570
AT2G30550	1	space1	Immune	AT3G49570
AT1G31817	1	space1	Immune	AT3G49570
AT1G05970	1	space1	Immune	AT3G49570
AT5G66270	1	space1	Immune	AT3G49570
AT4G02020	1	space1	Immune	AT3G49570
AT3G05330	1	space1	Immune	AT3G07780
AT2G29510	1	space1	Immune	AT3G07780
AT2G26180	1	space1	Immune	AT3G07780
AT1G62520	1	space1	Immune	AT3G07780
AT4G35790	1	space1	Immune	AT2G35620
AT1G07940	1	space1	Immune	AT2G04740
AT1G56290	1	space1	Immune	AT1G76850
AT5G39890	1	space1	Immune	AT1G76850
AT3G20430	1	space1	Immune	AT1G76510
AT2G36720	1	space1	Immune	AT1G76510
AT2G18300	1	space1	Immune	AT1G59780
AT3G47650	1	space1	Immune	AT1G34420
AT3G07170	1	space1	Immune	AT1G34420
AT2G44050	1	space1	Immune	AT1G34420
AT2G46860	1	space1	Immune	AT1G12290
AT3G12920	1	space1	Immune	AT1G11130
AT4G39610	1	space1	Immune	AT3G13720
AT4G27700	1	space1	Immune	AT3G13720
AT5G03540	1	space1	Immune	AT3G07780
AT4G21780	1	space1	Immune	AT3G07780
AT3G42050	1	space1	Immune	AT3G07780
AT1G64970	1	space1	Immune	AT1G55190
AT4G26750	1	space1	Immune_AI1	AT3G45640
AT5G58510	1	space1	Immune	AT3G45640
AT5G03670	1	space1	Immune	AT3G56100
AT3G54480	1	space1	Immune_LCI	AT1G75950
AT4G39550	1	space1	Immune	AT1G75950